Workbook
Name NativeTimeline_Rpt_Month: #N/A
Name NativeTimeline_Rpt_Month1: #N/A
Name NativeTimeline_Rpt_Month2: #N/A
Name NativeTimeline_Rpt_Week: #N/A
Name NativeTimeline_Rpt_Week1: #N/A
Name NativeTimeline_Rpt_Week2: #N/A
Name Slicer_Discipline: #N/A
Name Slicer_Discipline1: #N/A

Sheet Floor-wise
A1: Row Labels | B1: Total Drgs | C1: Submitted | D1: Approved
A2: Above Roof | B2: 1 | C2: 1 | D2: 1
A3: Basement | B3: 8 | C3: 8 | D3: 8
A4: Common | B4: 12 | C4: 12 | D4: 11
A5: Detail Drawings | B5: 20 | C5: 19 | D5: 19
A6: Eighth Floor | B6: 11 | C6: 11 | D6: 11
A7: Existing Building | B7: 24 | C7: 18 | D7: 18
A8: External | B8: 5 | C8: 5 | D8: 5
A9: Fifth Floor | B9: 7 | C9: 7 | D9: 7
A10: First Floor | B10: 7 | C10: 7 | D10: 7
A11: Fourth Floor | B11: 7 | C11: 7 | D11: 7
A12: Ground Floor | B12: 7 | C12: 7 | D12: 7
A13: Ninth floor | B13: 10 | C13: 10 | D13: 10
... A22: Grand Total | B22: 183 | C22: 176 | D22: 175

Sheet S-Curve Wkly
BI9: Row Labels | BJ9: Submission_1 Plan | BK9: Submission_1 Actuals | BL9: Approval Plan | BM9: Approval Actuals
A10: Row Labels | B10: Submission_1 Plan | C10: Submission_1 Actuals | D10: Approval Plan | E10: Approval Actuals | AI10: Row Labels | AJ10: Submission_1 Plan | AK10: Submission_1 Actuals | AL10: Approval Plan | AM10: Approval Actuals | BI10: 45782 | BJ10: 0 | BK10: 0 | BL10: 0.0042372881 | BM10: 0
A11: 45719 | B11: 0.076502732 | C11: 0.081967213 | D11: 0 | E11: 0 | AI11: 45691 | AJ11: 0 | AK11: 0 | AL11: 0 | AM11: 0 | BI11: 45789 | BJ11: 0.063559322 | BK11: 0 | BL11: 0.0084745763 | BM11: 0
A12: 45726 | B12: 0.092896175 | C12: 0.10382514 | D12: 0 | E12: 0.021857923 | AI12: 45698 | AJ12: 0 | AK12: 0 | AL12: 0 | AM12: 0 | BI12: 45796 | BJ12: 0.063559322 | BK12: 0.059322034 | BL12: 0.0084745763 | BM12: 0
A13: 45733 | B13: 0.092896175 | C13: 0.10382514 | D13: 0 | E13: 0.021857923 | AI13: 45705 | AJ13: 0 | AK13: 0 | AL13: 0 | AM13: 0 | BI13: 45803 | BJ13: 0.11864407 | BK13: 0.059322034 | BL13: 0.11864407 | BM13: 0.080508475
A14: 45740 | B14: 0.1147541 | C14: 0.14754098 | D14: 0.071038251 | E14: 0.081967213 | AI14: 45712 | AJ14: 0 | AK14: 0 | AL14: 0 | AM14: 0 | BI14: 45810 | BJ14: 0.11864407 | BK14: 0.059322034 | BL14: 0.15254237 | BM14: 0.19915254
A15: 45747 | B15: 0.22404372 | C15: 0.20765027 | D15: 0.081967213 | E15: 0.081967213 | AI15: 45719 | AJ15: 0.13821138 | AK15: 0.13821138 | AL15: 0 | AM15: 0 | BI15: 45817 | BJ15: 0.18644068 | BK15: 0.059322034 | BL15: 0.19915254 | BM15: 0.19915254
A16: 45754 | B16: 0.2295082 | C16: 0.25136612 | D16: 0.10382514 | E16: 0.081967213 | AI16: 45726 | AJ16: 0.13821138 | AK16: 0.14634146 | AL16: 0 | AM16: 0 | BI16: 45824 | BJ16: 0.19915254 | BK16: 0.11440678 | BL16: 0.20762712 | BM16: 0.19915254
A17: 45761 | B17: 0.2295082 | C17: 0.2568306 | D17: 0.19125683 | E17: 0.081967213 | AI17: 45733 | AJ17: 0.13821138 | AK17: 0.14634146 | AL17: 0 | AM17: 0 | BI17: 45831 | BJ17: 0.31779661 | BK17: 0.11440678 | BL17: 0.22033898 | BM17: 0.19915254
A18: 45768 | B18: 0.2295082 | C18: 0.2568306 | D18: 0.21311475 | E18: 0.098360656 | AI18: 45740 | AJ18: 0.13821138 | AK18: 0.14634146 | AL18: 0.024390244 | AM18: 0.13821138 | BI18: 45838 | BJ18: 0.31779661 | BK18: 0.17372881 | BL18: 0.27542373 | BM18: 0.19915254
A19: 45775 | B19: 0.2295082 | C19: 0.26229508 | D19: 0.23497268 | E19: 0.098360656 | AI19: 45747 | AJ19: 0.17886179 | AK19: 0.17886179 | AL19: 0.13821138 | AM19: 0.13821138 | BI19: 45845 | BJ19: 0.40254237 | BK19: 0.23305085 | BL19: 0.27966102 | BM19: 0.25847458
A20: 45782 | B20: 0.2295082 | C20: 0.26229508 | D20: 0.24043716 | E20: 0.098360656 | AI20: 45754 | AJ20: 0.23577236 | AK20: 0.22764228 | AL20: 0.13821138 | AM20: 0.13821138 | BI20: 45852 | BJ20: 0.41525424 | BK20: 0.23305085 | BL20: 0.3940678 | BM20: 0.25847458
A21: 45789 | B21: 0.26775956 | C21: 0.26229508 | D21: 0.24043716 | E21: 0.10382514 | AI21: 45761 | AJ21: 0.25203252 | AK21: 0.2601626 | AL21: 0.13821138 | AM21: 0.13821138 | BI21: 45859 | BJ21: 0.4279661 | BK21: 0.24152542 | BL21: 0.3940678 | BM21: 0.25847458
A22: 45796 | B22: 0.26775956 | C22: 0.27322404 | D22: 0.24043716 | E22: 0.10382514 | AI22: 45768 | AJ22: 0.25203252 | AK22: 0.2601626 | AL22: 0.13821138 | AM22: 0.13821138 | BI22: 45866 | BJ22: 0.4279661 | BK22: 0.24152542 | BL22: 0.50423729 | BM22: 0.25847458
... A61: 46069 | B61: 0.93442623 | C61: 0.93442623 | D61: 0.86885246 | E61: 0.84153005 | AI61: 46041 | AJ61: 1 | AK61: 0.94308943 | AL61: 0.98373984 | AM61: 0.89430894 | BI61: 46139 | BJ61: 0.68644068 | BK61: 0.75847458 | BL61: 0.80084746 | BM61: 0.89830508
A62: 46076 | B62: 1 | C62: 0.93442623 | D62: 0.86885246 | E62: 0.84153005 | AI62: 46048 | AJ62: 1 | AK62: 0.94308943 | AL62: 1 | AM62: 0.89430894 | BI62: Grand Total
A63: Grand Total | AI63: 46055 | AJ63: 1 | AK63: 0.94308943 | AL63: 1 | AM63: 0.89430894
AI64: 46062 | AJ64: 1 | AK64: 0.94308943 | AL64: 1 | AM64: 0.89430894
AI65: 46069 | AJ65: 1 | AK65: 0.94308943 | AL65: 1 | AM65: 0.89430894
AI66: 46076 | AJ66: 1 | AK66: 0.94308943 | AL66: 1 | AM66: 0.89430894
AI67: 46083 | AJ67: 1 | AK67: 0.96747967 | AL67: 1 | AM67: 0.89430894
AI68: 46090 | AJ68: 1 | AK68: 0.99186992 | AL68: 1 | AM68: 0.89430894
AI69: 46097 | AJ69: 1 | AK69: 0.99186992 | AL69: 1 | AM69: 0.89430894
AI70: 46104 | AJ70: 1 | AK70: 0.99186992 | AL70: 1 | AM70: 0.89430894
AI71: 46111 | AJ71: 1 | AK71: 0.99186992 | AL71: 1 | AM71: 0.89430894
AI72: 46118 | AJ72: 1 | AK72: 1 | AL72: 1 | AM72: 0.89430894
AI73: 46125 | AJ73: 1 | AK73: 1 | AL73: 1 | AM73: 0.89430894
AI74: 46132 | AJ74: 1 | AK74: 1 | AL74: 1 | AM74: 0.98373984
AI75: 46139 | AJ75: 1 | AK75: 1 | AL75: 1 | AM75: 0.98373984
... AI79: 46167 | AJ79: 1 | AK79: 1 | AL79: 1 | AM79: 1
AI80: Grand Total

Sheet S-Curve Monthly
A1: Row Labels | B1: Submission_1 Plan | C1: Submission_1 Actuals | D1: Approval Plan | E1: Approval Actuals | AA1: Row Labels | AB1: Submission_1 Plan | AC1: Submission_1 Actuals | AD1: Approval Plan | AE1: Approval Actuals | BA1: Row Labels | BB1: Submission_1 Plan | BC1: Submission_1 Actuals | BD1: Approval Plan | BE1: Approval Actuals
A2: 45689 | B2: 0 | C2: 0 | D2: 0 | E2: 0 | AA2: 45717 | AB2: 0.13821138 | AC2: 0.14634146 | AD2: 0.13821138 | AE2: 0.13821138 | BA2: 45689 | BB2: 0 | BC2: 0 | BD2: 0 | BE2: 0
A3: 45717 | B3: 0.20218579 | C3: 0.14754098 | D3: 0.081967213 | E3: 0.081967213 | AA3: 45748 | AB3: 0.25203252 | AC3: 0.2601626 | AD3: 0.13821138 | AE3: 0.13821138 | BA3: 45717 | BB3: 0.30084746 | BC3: 0.093220339 | BD3: 0 | BE3: 0.0042372881
A4: 45748 | B4: 0.2295082 | C4: 0.2568306 | D4: 0.21311475 | E4: 0.098360656 | AA4: 45778 | AB4: 0.41463415 | AC4: 0.32520325 | AD4: 0.25203252 | AE4: 0.15447154 | BA4: 45748 | BB4: 0.31355932 | BC4: 0.24152542 | BD4: 0.19915254 | BE4: 0.046610169
A5: 45778 | B5: 0.31693989 | C5: 0.27322404 | D5: 0.24043716 | E5: 0.15300546 | AA5: 45809 | AB5: 0.43902439 | AC5: 0.42276423 | AD5: 0.41463415 | AE5: 0.15447154 | BA5: 45778 | BB5: 0.43220339 | BC5: 0.30084746 | BD5: 0.26694915 | BE5: 0.12711864
A6: 45809 | B6: 0.45901639 | C6: 0.3442623 | D6: 0.32786885 | E6: 0.2295082 | AA6: 45839 | AB6: 0.43902439 | AC6: 0.45528455 | AD6: 0.43902439 | AE6: 0.2195122 | BA6: 45809 | BB6: 0.63135593 | BC6: 0.3559322 | BD6: 0.41949153 | BE6: 0.24576271
A7: 45839 | B7: 0.57377049 | C7: 0.45355191 | D7: 0.47540984 | E7: 0.27322404 | AA7: 45870 | AB7: 0.44715447 | AC7: 0.47154472 | AD7: 0.44715447 | AE7: 0.23577236 | BA7: 45839 | BB7: 0.74152542 | BC7: 0.48305085 | BD7: 0.59322034 | BE7: 0.30508475
A8: 45870 | B8: 0.57377049 | C8: 0.56284153 | D8: 0.60655738 | E8: 0.30601093 | AA8: 45901 | AB8: 0.44715447 | AC8: 0.47154472 | AD8: 0.44715447 | AE8: 0.41463415 | BA8: 45870 | BB8: 0.74152542 | BC8: 0.61440678 | BD8: 0.80932203 | BE8: 0.31779661
A9: 45901 | B9: 0.57377049 | C9: 0.6010929 | D9: 0.60655738 | E9: 0.36612022 | AA9: 45931 | AB9: 0.49593496 | AC9: 0.53658537 | AD9: 0.44715447 | AE9: 0.45528455 | BA9: 45901 | BB9: 0.74152542 | BC9: 0.66949153 | BD9: 0.80932203 | BE9: 0.31779661
A10: 45931 | B10: 0.6557377 | C10: 0.65027322 | D10: 0.61748634 | E10: 0.52459016 | AA10: 45962 | AB10: 0.6504065 | AC10: 0.72357724 | AD10: 0.55284553 | AE10: 0.49593496 | BA10: 45931 | BB10: 0.86016949 | BC10: 0.73728814 | BD10: 0.80932203 | BE10: 0.61440678
A11: 45962 | B11: 0.7431694 | C11: 0.75409836 | D11: 0.73770492 | E11: 0.52459016 | AA11: 45992 | AB11: 1 | AC11: 0.92682927 | AD11: 0.75609756 | AE11: 0.86178862 | BA11: 45962 | BB11: 0.97881356 | BC11: 0.97033898 | BD11: 0.98305085 | BE11: 0.61440678
A12: 45992 | B12: 0.86885246 | C12: 0.82513661 | D12: 0.75956284 | E12: 0.75409836 | AA12: 46023 | AB12: 1 | AC12: 0.94308943 | AD12: 1 | AE12: 0.89430894 | BA12: 45992 | BB12: 1 | BC12: 0.97033898 | BD12: 0.99152542 | BE12: 0.78813559
A13: 46023 | B13: 0.86885246 | C13: 0.8579235 | D13: 0.86885246 | E13: 0.75956284 | AA13: Grand Total | BA13: Grand Total
A14: 46054 | B14: 1 | C14: 0.93442623 | D14: 0.86885246 | E14: 0.84153005
A15: 46082 | B15: 1 | C15: 0.94535519 | D15: 1 | E15: 0.84153005
A16: Grand Total

Sheet DB
A1: Row Labels | B1: Count of DRG ID
A2: Architecture | B2: 123
A3: MEP | B3: 236
A4: Structural | B4: 183
A5: Grand Total | B5: 542
A24: Row Labels | B24: Count of DRG ID | C24: Count of Actual Submission to Client | D24: Count of Actual Approval Date | F24: Discipline | G24: Submission Status | H24: Approval Status
A25: Architecture | B25: 123 | C25: 123 | D25: 123 | F25: =A25 -> Architecture | G25: =GETPIVOTDATA("Count of Actual Submission to Client",$A$24,"Discipline","Architecture")/GETPIVOTDATA("Count of DRG ID",$A$24,"Discipline","Architecture") -> 1 | H25: =GETPIVOTDATA("Count of Actual Approval Date",$A$24,"Discipline","Architecture")/GETPIVOTDATA("Count of DRG ID",$A$24,"Discipline","Architecture") -> 1
A26: MEP | B26: 236 | C26: 236 | D26: 223 | F26: =A26 -> MEP | G26: =GETPIVOTDATA("Count of Actual Submission to Client",$A$24,"Discipline","MEP")/GETPIVOTDATA("Count of DRG ID",$A$24,"Discipline","MEP") -> 1 | H26: =GETPIVOTDATA("Count of Actual Approval Date",$A$24,"Discipline","MEP")/GETPIVOTDATA("Count of DRG ID",$A$24,"Discipline","MEP") -> 0.94491525
A27: Structural | B27: 183 | C27: 176 | D27: 175 | F27: =A27 -> Structural | G27: =GETPIVOTDATA("Count of Actual Submission to Client",$A$24,"Discipline","Structural")/GETPIVOTDATA("Count of DRG ID",$A$24,"Discipline","Structural") -> 0.96174863 | H27: =GETPIVOTDATA("Count of Actual Approval Date",$A$24,"Discipline","Structural")/GETPIVOTDATA("Count of DRG ID",$A$24,"Discipline","Structural") -> 0.95628415
A28: Grand Total | B28: 542 | C28: 535 | D28: 521
A39: Speedometer | B39: Value | C39: Pointer | D39: Value
A40: Start | B40: 0 | C40: Value | D40: =H27*100 -> 95.628415
A41: Initial | B41: 30 | C41: Pointer | D41: 2
A42: Mid | B42: 40 | C42: End | D42: =SUM(B40:B44)-SUM(D40:D41) -> 102.37158
A43: End | B43: 30
A44: Max | B44: 100
A69: Discipline | B69: (All)
A71: Row Labels | B71: Total DRG ID | C71: Submitted | D71: Approved
A72: Electrical | B72: 79 | C72: 79 | D72: 76
A73: ELV | B73: 65 | C73: 65 | D73: 56
A74: Existing Building | B74: 24 | C74: 18 | D74: 18
A75: Fire | B75: 46 | C75: 46 | D75: 46
A76: HVAC | B76: 76 | C76: 76 | D76: 75
A77: MEP | B77: 26 | C77: 26 | D77: 26
A78: New Building | B78: 180 | C78: 179 | D78: 179
A79: PHE | B79: 46 | C79: 46 | D79: 45
A80: Grand Total | B80: 542 | C80: 535 | D80: 521

Sheet Master_Data
A1: S.no | B1: Discipline | C1: Category | D1: DRG ID | E1: Description | F1: MDL Title | G1: Responsible Person | H1: 1st Submission Plan | I1: 1st Submission Plan (Before changes in scope) | J1: Actual Submission to Client | K1: Revised Submission date (Plan) | L1: Actual Revised submission | M1: Planned Approval Date | N1: Actual Approval Date | O1: Planned Hard copy Sub.dates | P1: Actual Hard copy sub.dates | Q1: Dependency
A2: 1 | B2: MEP | C2: PHE | D2: WLH/KEC/SIEC/SEWAGE/BASEMENT/00 | E2: Basement | F2: PHE BASEMENT SEWARAGE FLOOR PLAN | G2: Aashish | H2: 45747 | I2: 45747 | J2: 45751 | K2: 45759 | L2: 45751 | M2: 45766 | N2: 45808 | O2: 45773
A3: 2 | B3: MEP | C3: PHE | D3: WLH/KEC/SIEC/DRAINAGE/BASEMENT/00 | E3: Basement | F3: SANITARY & DRAINAGE BASEMENT CIELING PLAN | G3: Aashish | H3: 45747 | I3: 45747 | J3: 45751 | K3: 45759 | L3: 45751 | M3: 45766 | N3: 45808 | O3: 45773
A4: 3 | B4: MEP | C4: PHE | D4: WLH/KEC/SIEC/WATER SUPPLY/GF FL/00 | E4: Ground Floor | F4: PHE WATER SUPPLY GROUND FLOOR PLAN | G4: Aashish | H4: 45747 | I4: 45747 | J4: 45754 | K4: 45759 | L4: 45805 | M4: 45766 | N4: 45812 | O4: 45773
A5: 4 | B5: MEP | C5: PHE | D5: WLH/KEC/SIEC/DRAINAGE/GF FL/00 | E5: Ground Floor | F5: SANITARY & DRAINAGE GROUND CIELING PLAN | G5: Aashish | H5: 45747 | I5: 45747 | J5: 45754 | K5: 45759 | L5: 45805 | M5: 45766 | N5: 45812 | O5: 45773
A6: 5 | B6: MEP | C6: PHE | D6: WLH/KEC/SIEC/WATER SUPPLY/1ST FL/00 | E6: First Floor | F6: PHE WATER SUPPLY 1ST FLOOR PLAN | G6: Aashish | H6: 45976 | I6: 45747 | J6: 45974 | K6: 45759 | L6: 45796 | M6: 45990 | N6: 45995 | O6: 45997
A7: 6 | B7: MEP | C7: PHE | D7: WLH/KEC/SIEC/DRAINAGE/1ST FL/00 | E7: First Floor | F7: SANITARY & DRAINAGE 1ST CIELING PLAN | G7: Aashish | H7: 45976 | I7: 45747 | J7: 45974 | K7: 45759 | L7: 45796 | M7: 45990 | N7: 45995 | O7: 45997
A8: 7 | B8: MEP | C8: PHE | D8: WLH/KEC/SIEC/WATER SUPPLY/2ND FL/00 | E8: Second Floor | F8: PHE WATER SUPPLY 2ND FLOOR PLAN | G8: Aashish | H8: 45960 | I8: 45760 | J8: 45966 | K8: 45772 | L8: 45751 | M8: 45974 | N8: 45995 | O8: 45981
A9: 8 | B9: MEP | C9: PHE | D9: WLH/KEC/SIEC/DRAINAGE/2ND FL/00 | E9: Second Floor | F9: SANITARY & DRAINAGE 2ND CIELING PLAN | G9: Aashish | H9: 45960 | I9: 45760 | J9: 45966 | K9: 45772 | L9: 45751 | M9: 45974 | N9: 45995 | O9: 45981
A10: 9 | B10: MEP | C10: PHE | D10: WLH/KEC/SIEC/WATER SUPPLY/3RD FL/00 | E10: Third Floor | F10: PHE WATER SUPPLY 3RD FLOOR PLAN | G10: Aashish | H10: 45955 | I10: 45776 | J10: 45958 | K10: 45788 | L10: 45889 | M10: 45969 | N10: 45995 | O10: 45976
A11: 10 | B11: MEP | C11: PHE | D11: WLH/KEC/SIEC/DRAINAGE/3RD FL/00 | E11: Third Floor | F11: SANITARY & DRAINAGE 3RD CIELING PLAN | G11: Aashish | H11: 45955 | I11: 45776 | J11: 45958 | K11: 45788 | L11: 45889 | M11: 45969 | N11: 45995 | O11: 45976
A12: 11 | B12: MEP | C12: PHE | D12: WLH/KEC/SIEC/WATER SUPPLY/4TH FL/00 | E12: Fourth Floor | F12: PHE WATER SUPPLY 4TH FLOOR PLAN | G12: Aashish | H12: 45790 | I12: 45790 | J12: 45796 | K12: 45802 | L12: 45751 | M12: 45804 | N12: 45812 | O12: 45811
A13: 12 | B13: MEP | C13: PHE | D13: WLH/KEC/SIEC/DRAINAGE/4TH FL/00 | E13: Fourth Floor | F13: SANITARY & DRAINAGE 4TH CIELING PLAN | G13: Aashish | H13: 45790 | I13: 45790 | J13: 45796 | K13: 45802 | L13: 45751 | M13: 45809 | N13: 45812 | O13: 45816
... A17: 16 | B17: MEP | C17: PHE | D17: WLH/KEC/SIEC/DRAINAGE/6TH FL/00 | E17: Sixth Floor | F17: SANITARY & DRAINAGE 6TH CIELING PLAN | G17: Aashish | H17: 45821 | I17: 45821 | J17: 45847 | K17: 45833 | L17: 45883 | M17: 45840 | N17: 45946 | O17: 45847
A18: 17 | B18: MEP | C18: PHE | D18: WLH/KEC/SIEC/WATER SUPPLY/7TH FL/00 | E18: Seventh Floor | F18: PHE WATER SUPPLY 7TH FLOOR PLAN | G18: Aashish | H18: 45837 | I18: 45837 | J18: 45896 | K18: 45849 | M18: 45856 | N18: 45946 | O18: 45863
A19: 18 | B19: MEP | C19: PHE | D19: WLH/KEC/SIEC/DRAINAGE/7TH FL/00 | E19: Seventh Floor | F19: SANITARY & DRAINAGE 7TH CIELING PLAN | G19: Aashish | H19: 45837 | I19: 45837 | J19: 45896 | K19: 45849 | M19: 45856 | N19: 45946 | O19: 45863
A20: 19 | B20: MEP | C20: PHE | D20: WLH/KEC/SIEC/WATER SUPPLY/8TH FL/00 | E20: Eighth Floor | F20: GFC PHE WATER SUPPLY 8TH FLOOR PLAN | G20: Aashish | H20: 45837 | I20: 45837 | J20: 45899 | K20: 45849 | M20: 45856 | N20: 45959 | O20: 45863
A21: 20 | B21: MEP | C21: PHE | D21: WLH/KEC/SIEC/DRAINAGE/8TH FL/00 | E21: Eighth Floor | F21: SANITARY & DRAINAGE 8TH CIELING PLAN | G21: Aashish | H21: 45837 | I21: 45837 | J21: 45899 | K21: 45849 | M21: 45856 | N21: 45959 | O21: 45863
A22: 21 | B22: MEP | C22: PHE | D22: WLH/KEC/SIEC/WATER SUPPLY/9TH FL/00 | E22: Ninth floor | F22: PHE WATER SUPPLY 9th FLOOR PLAN | G22: Aashish | H22: 45851 | I22: 45851 | J22: 45826 | K22: 45863 | M22: 45870 | N22: 45850 | O22: 45877
A23: 22 | B23: MEP | C23: PHE | D23: WLH/KEC/SIEC/DRAINAGE/9TH FL/00 | E23: Ninth floor | F23: SANITARY & DRAINAGE 9th CIELING PLAN | G23: Aashish | H23: 45851 | I23: 45851 | J23: 45826 | K23: 45863 | M23: 45870 | N23: 45850 | O23: 45877
A24: 23 | B24: MEP | C24: PHE | D24: WLH/KEC/SIEC/WATER SUPPLY/10TH FL/00 | E24: Tenth Floor | F24: PHE WATER SUPPLY 10th FLOOR PLAN | G24: Aashish | H24: 45851 | I24: 45851 | J24: 45910 | K24: 45863 | M24: 45870 | N24: 45946 | O24: 45877
A25: 24 | B25: MEP | C25: PHE | D25: WLH/KEC/SIEC/DRAINAGE/10TH FL/00 | E25: Tenth Floor | F25: SANITARY & DRAINAGE 10th CIELING PLAN | G25: Aashish | H25: 45851 | I25: 45851 | J25: 45910 | K25: 45863 | M25: 45870 | N25: 45946 | O25: 45877
A26: 25 | B26: MEP | C26: PHE | D26: WLH/KEC/SIEC/WATER SUPPLY/TERRACE FL/00 | E26: Terrace floor | F26: PHE WATER SUPPLY TERRACE PLAN | G26: Aashish | H26: 45976 | I26: 45866 | J26: 45974 | K26: 45878 | M26: 45885 | N26: 46071 | O26: 45892
A27: 26 | B27: MEP | C27: PHE | D27: WLH/KEC/SIEC/DRAINAGE/TRRRACE FL/00 | E27: Terrace floor | F27: SANITARY & DRAINAGE TERRACE PLAN | G27: Aashish | H27: 45976 | I27: 45866 | J27: 45974 | K27: 45878 | M27: 45885 | N27: 46071 | O27: 45892
A28: 27 | B28: MEP | C28: PHE | D28: WLH/KEC/SIEC/DRAINAGE/MUMTY TERRACE FL/00 | E28: Terrace floor | F28: SANITARY & DRAINAGE MUMTY TERRACE PLAN | G28: Aashish | H28: 45976 | I28: 45866 | J28: 45986 | K28: 45878 | M28: 45885 | N28: 46071 | O28: 45892
A29: 28 | B29: MEP | C29: PHE | D29: WLH/KEC/SIEC/PHE/INFRA/EXTSEWERAGE/00 | E29: External | F29: PHE EXTERNAL SEWERAGE LAYOUT | G29: Aashish | H29: 45731 | I29: 45731 | J29: 45966 | K29: 45799 | L29: 45902 | M29: 45806 | N29: 46071 | O29: 45813
A30: 29 | B30: MEP | C30: PHE | D30: WLH/KEC/SIEC/PHE/INFRA/00 | E30: External | F30: PHE EXTERNAL CO-ORDINATED LAYOUT | G30: Aashish | H30: 45731 | I30: 45731 | J30: 45966 | K30: 45799 | L30: 45902 | M30: 45806 | N30: 46071 | O30: 45813
A31: 30 | B31: MEP | C31: PHE | D31: WLH/KEC/SIEC/PHE/INFRA WATER SUPPLY/00 | E31: External | F31: PHE INFRASTRUCTURE WATER SUPPLY LAYOUT | G31: Aashish | H31: 45731 | I31: 45731 | J31: 45966 | K31: 45799 | L31: 45902 | M31: 45806 | N31: 46071 | O31: 45813
A32: 31 | B32: MEP | C32: PHE | D32: WLH/KEC/SIEC/PHE/INFRA/EXTSTORMWATER/00 | E32: External | F32: PHE EXTERNAL STORM WATER LAYOUT | G32: Aashish | H32: 45731 | I32: 45731 | J32: 45966 | K32: 45799 | L32: 45902 | M32: 45806 | N32: 46071 | O32: 45813
A33: 32 | B33: MEP | C33: PHE | D33: WLH/KEC/SIEC/PHE/INFRA/RECHARGE BOREWELL00 | E33: External | F33: PHE EXTERNAL RECHARGE BOREWELL DRAWING | G33: Aashish | H33: 45731 | I33: 45731 | J33: 45966 | K33: 45799 | L33: 45902 | M33: 45806 | N33: 46071 | O33: 45813
A34: 33 | B34: MEP | C34: PHE | D34: WLH/KEC/SIEC/WATER SUPPLY SLD/00 | E34: Common | F34: WATER SUPPLY SINGLE LINE DIAGRAM | G34: Aashish | H34: 45731 | I34: 45731 | J34: 45731 | K34: 45799 | L34: 45902 | M34: 45806 | N34: 46080 | O34: 45813
A35: 34 | B35: MEP | C35: PHE | D35: WLH/KEC/SIEC/SANITARY DRAINAGE/SLD/00 | E35: Common | F35: SANITARY DRAINAGE SINGLE LINE DIAGRAM | G35: Aashish | H35: 45826 | I35: 45826 | J35: 45898 | K35: 45799 | M35: 45833 | N35: 45898 | O35: 45840
A36: 35 | B36: MEP | C36: PHE | D36: WLH/KEC/SIEC/RAIN WATER DRAINAGE/SLD/00 | E36: Common | F36: RAINWATER DRAINAGE SINGLE LINE DIAGRAM | G36: Aashish | H36: 45826 | I36: 45826 | J36: 45898 | K36: 45799 | M36: 45833 | N36: 45898 | O36: 45840
A37: 36 | B37: MEP | C37: PHE | D37: WLH/KEC/SIEC/OWT/PHE/00 | E37: Common | F37: OVERHEAD WATER TANK & EQUIPMENT ROOM DETAILS | G37: Aashish | H37: 45826 | I37: #REF! | J37: 45986 | K37: #REF! | M37: 45833 | O37: 45840
A38: 37 | B38: MEP | C38: PHE | D38: WLH/KEC/SIEC/DRAINAGE/BASEMENT/DEWATERING/00 | E38: Basement | F38: BASEMENT DEWATERING LAYOUT | G38: Aashish | H38: 45731 | I38: 45731 | J38: 45731 | K38: 45799 | M38: 45806 | N38: 45808 | O38: 45813
A39: 38 | B39: MEP | C39: PHE | D39: WLH/KEC/SIEC/PHE/CONST. DETAILS/00 | E39: Common | F39: PHE TYPICAL STANDARD CONSTRUCTION DETAILS | G39: Aashish | H39: 45731 | I39: 45731 | J39: 45898 | K39: 45799 | M39: 45806 | N39: 45898 | O39: 45813
A40: 39 | B40: MEP | C40: PHE | D40: WLH/KEC/SIEC/WATER SUPPLY/EXTERNAL/00 | E40: Common | F40: PHE WATER SUPPLY EXTERNAL LAYOUT | G40: Aashish | H40: 45731 | I40: 45731 | J40: 45731 | K40: 45799 | L40: 45902 | M40: 45806 | N40: 46071 | O40: 45813
A41: 40 | B41: MEP | C41: PHE | D41: WLH/KEC/SIEC/PHE/BASEMENT TOILET/00 | E41: Basement | F41: PHE BASEMENT TOILET SEWAGE LAYOUT | G41: Aashish | H41: 45731 | I41: 45731 | J41: 45731 | K41: 45799 | M41: 45806 | N41: 45808 | O41: 45813
A42: 41 | B42: MEP | C42: PHE | D42: WLH/KEC/SIEC/DRAINAGE/SUMP DETAIL/00 | E42: Common | F42: PHE SUMP DETAILS LAYOUT | G42: Aashish | H42: 45731 | I42: 45731 | J42: 45731 | K42: 45799 | M42: 45806 | N42: 45808 | O42: 45813
A43: 42 | B43: MEP | C43: PHE | D43: WLH/KEC/STP/BASEMENT/00 | E43: Common | F43: STP DESIGN DRAWINGS | G43: Aashish | H43: 45731 | I43: 45731 | J43: 45731 | K43: 45748 | L43: 45731 | M43: 45761 | N43: 45761 | O43: 45768
A44: 43 | B44: MEP | C44: PHE | D44: WLH/KEC/STP/SCHEMATIC | E44: Common | F44: STP DESIGN SCHEMATIC | G44: Aashish | H44: 45731 | I44: 45731 | J44: 45731 | K44: 45748 | L44: 45731 | M44: 45757 | N44: 45757 | O44: 45764
A45: 44 | B45: MEP | C45: PHE | D45: WLH/KEC/ETP/SCHEMATIC | E45: Common | F45: ETP DESIGN SCHEMATIC | G45: Aashish | H45: 45731 | I45: 45731 | J45: 45731 | K45: 45748 | L45: 45731 | M45: 45757 | N45: 45757 | O45: 45764
A46: 45 | B46: MEP | C46: PHE | D46: WLH/KEC/ETP/BASEMENT/00 | E46: Common | F46: ETP DESIGN DRAWINGS | G46: Aashish | H46: 45731 | I46: 45731 | J46: 45731 | K46: 45748 | L46: 45731 | M46: 45757 | N46: 45757 | O46: 45764
A47: 46 | B47: MEP | C47: PHE | D47: WLH/KEC/SIEC/PHE/IRRIGATION/00 | E47: External | F47: IRRIGATION LAYOUT | G47: Aashish | H47: 45731 | I47: 45731 | J47: 45966 | K47: 45799 | L47: 45902 | M47: 45806 | N47: 46071 | O47: 45813
A48: 47 | B48: MEP | C48: Electrical | D48: WLH/KEC/SIEC/ELEC/INFRA/00 | E48: External | F48: ELECTRICAL INFRASTRUCTURE LAYOUT | G48: T Surya | H48: 45731 | I48: 45731 | J48: 45966 | K48: 45799 | L48: 45898 | M48: 45810 | N48: 46087 | O48: 45817
A49: 48 | B49: MEP | C49: Electrical | D49: WLH/KEC/SIEC/ELEC/DG/00 | E49: External | F49: ELECTRICAL DG SET DRAWING WITH DG STACK | G49: T Surya | H49: 46022 | I49: 45731 | J49: 46055 | K49: 45799 | L49: 45754 | M49: 45810 | N49: 46087 | O49: 45817 | Q49: Dependent on DG Vendor
A50: 49 | B50: MEP | C50: Electrical | D50: WLH/KEC/SIEC/ELEC/EXTERNAL LIGHTING/00 | E50: External | F50: ELECTRICAL EXTERNAL LIGHTING LAYOUT | G50: T Surya | H50: 45853 | I50: 45853 | J50: 45971 | K50: 45869 | M50: 45880 | O50: 45887
A51: 50 | B51: MEP | C51: Electrical | D51: WLH/KEC/SIEC/ELEC/SUBSTATION/00 | E51: External | F51: ELECTRICAL SUBSTATION LAYOUT | G51: T Surya | H51: 45823 | I51: 45823 | J51: 45966 | K51: 45839 | L51: 45898 | M51: 45848 | N51: 46087 | O51: 45855
A52: 51 | B52: MEP | C52: Electrical | D52: WLH/KEC/SIEC/ELEC/EARTHING GRID SCHEMATIC/00 | E52: Common | F52: EARTHING GRID SCHEMATIC LAYOUT | G52: T Surya | H52: 45731 | I52: 45731 | J52: 45731 | K52: 45799 | L52: 45898 | M52: 45810 | O52: 45817
A53: 52 | B53: MEP | C53: Electrical | D53: WLH/KEC/SIEC/ELECTRICAL/DBR/00 | E53: Common | F53: ELECTRICAL DBR COMMENTARY | G53: T Surya | H53: 45731 | I53: 45731 | J53: 45731 | K53: 45799 | L53: 45751 | M53: 45810 | N53: 45808 | O53: 45817
A54: 53 | B54: MEP | C54: Electrical | D54: WLH/KEC/SIEC/ELEC/MUMTY TERRACE SOLAR/00 | E54: Above Roof | F54: ELECTRICAL SOLAR SYSTEM F PLAN | G54: T Surya | H54: 45853 | I54: 45853 | J54: 45971 | K54: 45869 | L54: 45751 | M54: 45880 | N54: 46059 | O54: 45887
A55: 54 | B55: MEP | C55: Electrical | D55: WLH/KEC/SIEC/ELEC/EQUIPMENT & EARTHING/00 | E55: Common | F55: ELECTRICAL EQUIPMENT LAYOUT WITH EARTHING LAYOUT | G55: T Surya | H55: 45731 | I55: 45731 | J55: 45731 | K55: 45799 | L55: 45751 | M55: 45810 | N55: 46080 | O55: 45817
A56: 55 | B56: MEP | C56: Electrical | D56: WLH/KEC/SIEC/ELEC/HEIGHT SCHEDULE/00 | E56: Common | F56: TYPICAL ELECTRICAL INSTALLATION DETAILS WITH HEIGHT SCHEDULE | G56: T Surya | H56: 45853 | I56: 45853 | J56: 45731 | K56: 45869 | L56: 45751 | M56: 45880 | N56: 45808 | O56: 45887
A57: 56 | B57: MEP | C57: Electrical | D57: WLH/KEC/SIEC/ELEC/EXTCT/00 | E57: Common | F57: ELECTRICAL EXTERNAL CABLE TRAY LAYOUT | G57: T Surya | H57: 45731 | I57: 45731 | J57: 45731 | K57: 45799 | L57: 45898 | M57: 45810 | N57: 46080 | O57: 45817
A58: 57 | B58: MEP | C58: Electrical | D58: WLH/KEC/SIEC/ELEC/MAIN ROOM DETAILED LAYOUT/00 | E58: Common | F58: MAIN ELECTRICAL ROOM DETAILED LAYOUT | G58: T Surya | H58: 45731 | I58: 45731 | J58: 45731 | K58: 45799 | L58: 45898 | M58: 45810 | N58: 46080 | O58: 45817
A59: 58 | B59: MEP | C59: Electrical | D59: WLH/KEC/SIEC/ELEC/UPS/00 | E59: Common | F59: ELECTRICAL UPS DRAWING | G59: T Surya | H59: 46022 | I59: 45792 | J59: 46055 | K59: 46038 | M59: 46049 | N59: 46080 | O59: 46056 | Q59: Vendor shortlisted, PO to be release
A60: 59 | B60: MEP | C60: Electrical | D60: WLH/KEC/SIEC/ELEC/POWER CONDUIT/BASEMENT/01 | E60: Basement | F60: POWER LAYOUT WITH SLD BASEMNET PLAN | G60: T Surya | H60: 45747 | I60: 45747 | J60: 45751 | K60: 45759 | L60: 45751 | M60: 45766 | N60: 45808 | O60: 45773
A61: 60 | B61: MEP | C61: Electrical | D61: WLH/KEC/SIEC/ELEC/POWER CONDUIT/BASEMENT/02 | E61: Basement | F61: POWER LAYOUT WITH SLD BASEMNET PLAN | G61: T Surya | H61: 45747 | I61: 45747 | J61: 45751 | K61: 45759 | L61: 45751 | M61: 45766 | N61: 45808 | O61: 45773
A62: 61 | B62: MEP | C62: Electrical | D62: WLH/KEC/SIEC/ELEC/POWER CONDUIT/BASEMENT/03 | E62: Basement | F62: POWER LAYOUT WITH SLD BASEMNET PLAN | G62: T Surya | H62: 45747 | I62: 45747 | J62: 45751 | K62: 45759 | L62: 45751 | M62: 45766 | N62: 45808 | O62: 45773
A63: 62 | B63: MEP | C63: Electrical | D63: WLH/KEC/SIEC/ELEC/LIGHTING CONDUIT/BASEMENT/00 | E63: Basement | F63: LIGHTING LAYOUT WITH SLD BASEMENT PLAN | G63: T Surya | H63: 45747 | I63: 45747 | J63: 45751 | K63: 45759 | L63: 45754 | M63: 45766 | N63: 45808 | O63: 45773
A64: 63 | B64: MEP | C64: Electrical | D64: WLH/KEC/SIEC/ELEC/BASEMENT/00 | E64: Basement | F64: ELECTRICAL BASEMENT CABLE TRAY LAYOUT | G64: T Surya | H64: 45747 | I64: 45747 | J64: 45754 | K64: 45759 | L64: 45754 | M64: 45766 | N64: 45808 | O64: 45773
A65: 64 | B65: MEP | C65: Electrical | D65: WLH/KEC/SIEC/ELEC/POWER CONDUIT/GR FL/01 | E65: Ground Floor | F65: POWER LAYOUT WITH SLD GROUND FLOOR PLAN | G65: T Surya | H65: 45747 | I65: 45747 | J65: 45754 | K65: 45759 | L65: 45805 | M65: 45766 | N65: 45812 | O65: 45773
A66: 65 | B66: MEP | C66: Electrical | D66: WLH/KEC/SIEC/ELEC/POWER CONDUIT/GR FL/02 | E66: Ground Floor | F66: POWER LAYOUT WITH SLD GROUND FLOOR PLAN | G66: T Surya | H66: 45747 | I66: 45747 | J66: 45754 | K66: 45759 | L66: 45805 | M66: 45766 | N66: 45812 | O66: 45773
A67: 66 | B67: MEP | C67: Electrical | D67: WLH/KEC/SIEC/ELEC/POWER CONDUIT/GR FL/03 | E67: Ground Floor | F67: POWER LAYOUT WITH SLD GROUND FLOOR PLAN | G67: T Surya | H67: 45747 | I67: 45747 | J67: 45754 | K67: 45759 | L67: 45805 | M67: 45766 | N67: 45812 | O67: 45773
A68: 67 | B68: MEP | C68: Electrical | D68: WLH/KEC/SIEC/ELEC/LIGHTING CONDUIT/GR FL/00 | E68: Ground Floor | F68: LIGHTING LAYOUT WITH SLD GROUND FLOOR PLAN | G68: T Surya | H68: 45747 | I68: 45747 | J68: 45754 | K68: 45759 | L68: 45805 | M68: 45766 | N68: 45812 | O68: 45773
A69: 68 | B69: MEP | C69: Electrical | D69: WLH/KEC/SIEC/ELEC/GFCT/00 | E69: Ground Floor | F69: ELECTRICAL GROUND FLOOR CABLE TRAY LAYOUT | G69: T Surya | H69: 45747 | I69: 45747 | J69: 45754 | K69: 45759 | L69: 45805 | M69: 45766 | N69: 45812 | O69: 45773
A70: 69 | B70: MEP | C70: Electrical | D70: WLH/KEC/SIEC/ELEC/POWER CONDUIT/1ST FL/01 | E70: First Floor | F70: POWER LAYOUT WITH SLD 1ST FLOOR PLAN | G70: T Surya | H70: 45976 | I70: 45747 | J70: 45974 | K70: 45759 | L70: 45796 | M70: 45990 | N70: 45995 | O70: 45997
A71: 70 | B71: MEP | C71: Electrical | D71: WLH/KEC/SIEC/ELEC/POWER CONDUIT/1ST FL/02 | E71: First Floor | F71: POWER LAYOUT WITH SLD 1ST FLOOR PLAN | G71: T Surya | H71: 45976 | I71: 45747 | J71: 45974 | K71: 45759 | L71: 45796 | M71: 45990 | N71: 45995 | O71: 45997
... A73: 72 | B73: MEP | C73: Electrical | D73: WLH/KEC/SIEC/ELEC/LIGHTING CONDUIT/1ST FL/00 | E73: First Floor | F73: LIGHTING LAYOUT WITH SLD 1ST FLOOR PLAN | G73: T Surya | H73: 45976 | I73: 45747 | J73: 45974 | K73: 45759 | L73: 45796 | M73: 45990 | N73: 45995 | O73: 45997
A74: 73 | B74: MEP | C74: Electrical | D74: WLH/KEC/SIEC/ELEC/POWERCONDUIT/2ND FL/01 | E74: Second Floor | F74: POWER LAYOUT WITH SLD 2ND FLOOR PLAN | G74: T Surya | H74: 45960 | I74: 45760 | J74: 45966 | K74: 45772 | M74: 45974 | N74: 45995 | O74: 45981
A75: 74 | B75: MEP | C75: Electrical | D75: WLH/KEC/SIEC/ELEC/POWERCONDUIT/2ND FL/02 | E75: Second Floor | F75: POWER LAYOUT WITH SLD 2ND FLOOR PLAN | G75: T Surya | H75: 45960 | I75: 45760 | J75: 45966 | K75: 45772 | M75: 45974 | N75: 45995 | O75: 45981
A76: 75 | B76: MEP | C76: Electrical | D76: WLH/KEC/SIEC/ELEC/POWERCONDUIT/2ND FL/03 | E76: Second Floor | F76: POWER LAYOUT WITH SLD 2ND FLOOR PLAN | G76: T Surya | H76: 45960 | I76: 45760 | J76: 45966 | K76: 45772 | M76: 45974 | N76: 45995 | O76: 45981
A77: 76 | B77: MEP | C77: Electrical | D77: WLH/KEC/SIEC/ELEC/LIGHTING CONDUIT/2ND FL/00 | E77: Second Floor | F77: LIGHTING LAYOUT WITH SLD 2ND FLOOR PLAN | G77: T Surya | H77: 45960 | I77: 45760 | J77: 45966 | K77: 45772 | M77: 45974 | N77: 45995 | O77: 45981
A78: 77 | B78: MEP | C78: Electrical | D78: WLH/KEC/SIEC/ELEC/2NDCT/00 | E78: Second Floor | F78: ELECTRICAL 2ND FLOOR CABLE TRAY LAYOUT | G78: T Surya | H78: 45960 | I78: 45760 | J78: 45966 | K78: 45772 | M78: 45974 | N78: 45995 | O78: 45981
A79: 78 | B79: MEP | C79: Electrical | D79: WLH/KEC/SIEC/ELEC/POWER CONDUIT/3RD FL/01 | E79: Third Floor | F79: POWER LAYOUT WITH SLD 3RD FLOOR PLAN | G79: T Surya | H79: 45955 | I79: 45776 | J79: 45958 | K79: 45788 | L79: 45889 | M79: 45969 | N79: 45995 | O79: 45976
A80: 79 | B80: MEP | C80: Electrical | D80: WLH/KEC/SIEC/ELEC/POWER CONDUIT/3RD FL/02 | E80: Third Floor | F80: POWER LAYOUT WITH SLD 3RD FLOOR PLAN | G80: T Surya | H80: 45955 | I80: 45776 | J80: 45958 | K80: 45788 | L80: 45889 | M80: 45969 | N80: 45995 | O80: 45976
A81: 80 | B81: MEP | C81: Electrical | D81: WLH/KEC/SIEC/ELEC/POWER CONDUIT/3RD FL/03 | E81: Third Floor | F81: POWER LAYOUT WITH SLD 3RD FLOOR PLAN | G81: T Surya | H81: 45955 | I81: 45776 | J81: 45958 | K81: 45788 | L81: 45889 | M81: 45969 | N81: 45995 | O81: 45976
A82: 81 | B82: MEP | C82: Electrical | D82: WLH/KEC/SIEC/ELEC/LIGHTING CONDUIT/3RD FL/00 | E82: Third Floor | F82: LIGHTING LAYOUT WITH SLD 3RD FLOOR PLAN | G82: T Surya | H82: 45955 | I82: 45776 | J82: 45958 | K82: 45788 | L82: 45889 | M82: 45969 | N82: 45995 | O82: 45976
A83: 82 | B83: MEP | C83: Electrical | D83: WLH/KEC/SIEC/ELEC/3RDCT/00 | E83: Third Floor | F83: ELECTRICAL 3RD FLOOR CABLE TRAY LAYOUT | G83: T Surya | H83: 45955 | I83: 45776 | J83: 45958 | K83: 45788 | L83: 45889 | M83: 45969 | N83: 45995 | O83: 45976
A84: 83 | B84: MEP | C84: Electrical | D84: WLH/KEC/SIEC/ELEC/POWER CONDUIT/4TH FL/01 | E84: Fourth Floor | F84: POWER LAYOUT WITH SLD 4TH FLOOR PLAN | G84: T Surya | H84: 45790 | I84: 45790 | J84: 45796 | K84: 45802 | M84: 45809 | N84: 45812 | O84: 45816
A85: 84 | B85: MEP | C85: Electrical | D85: WLH/KEC/SIEC/ELEC/POWER CONDUIT/4TH FL/02 | E85: Fourth Floor | F85: POWER LAYOUT WITH SLD 4TH FLOOR PLAN | G85: T Surya | H85: 45790 | I85: 45790 | J85: 45796 | K85: 45802 | M85: 45809 | N85: 45812 | O85: 45816
A86: 85 | B86: MEP | C86: Electrical | D86: WLH/KEC/SIEC/ELEC/POWER CONDUIT/4TH FL/03 | E86: Fourth Floor | F86: POWER LAYOUT WITH SLD 4TH FLOOR PLAN | G86: T Surya | H86: 45790 | I86: 45790 | J86: 45796 | K86: 45802 | M86: 45809 | N86: 45812 | O86: 45816
A87: 86 | B87: MEP | C87: Electrical | D87: WLH/KEC/SIEC/ELEC/LIGHTING CONDUIT/4TH FL/00 | E87: Fourth Floor | F87: LIGHTING LAYOUT WITH SLD 4TH FLOOR PLAN | G87: T Surya | H87: 45790 | I87: 45790 | J87: 45796 | K87: 45802 | M87: 45809 | N87: 45812 | O87: 45816
A88: 87 | B88: MEP | C88: Electrical | D88: WLH/KEC/SIEC/ELEC/4THCT/00 | E88: Fourth Floor | F88: ELECTRICAL 4TH FLOOR CABLE TRAY LAYOUT | G88: T Surya | H88: 45790 | I88: 45790 | J88: 45796 | K88: 45802 | M88: 45809 | N88: 45812 | O88: 45816
A89: 88 | B89: MEP | C89: Electrical | D89: WLH/KEC/SIEC/ELEC/POWER CONDUIT/5TH FL/01 | E89: Fifth Floor | F89: POWER LAYOUT WITH SLD 5TH FLOOR PLAN | G89: T Surya | H89: 45804 | I89: 45804 | J89: 45840 | K89: 45816 | L89: 45877 | M89: 45823 | N89: 45946 | O89: 45830
A90: 89 | B90: MEP | C90: Electrical | D90: WLH/KEC/SIEC/ELEC/POWER CONDUIT/5TH FL/02 | E90: Fifth Floor | F90: POWER LAYOUT WITH SLD 5TH FLOOR PLAN | G90: T Surya | H90: 45804 | I90: 45804 | J90: 45840 | K90: 45816 | L90: 45877 | M90: 45823 | N90: 45946 | O90: 45830
A91: 90 | B91: MEP | C91: Electrical | D91: WLH/KEC/SIEC/ELEC/POWER CONDUIT/5TH FL/03 | E91: Fifth Floor | F91: POWER LAYOUT WITH SLD 5TH FLOOR PLAN | G91: T Surya | H91: 45804 | I91: 45804 | J91: 45840 | K91: 45816 | L91: 45877 | M91: 45823 | N91: 45946 | O91: 45830
A92: 91 | B92: MEP | C92: Electrical | D92: WLH/KEC/SIEC/ELEC/LIGHTING CONDUIT/5TH FL/00 | E92: Fifth Floor | F92: LIGHTING LAYOUT WITH SLD 5TH FLOOR PLAN | G92: T Surya | H92: 45804 | I92: 45804 | J92: 45840 | K92: 45816 | L92: 45877 | M92: 45823 | N92: 45946 | O92: 45830
A93: 92 | B93: MEP | C93: Electrical | D93: WLH/KEC/SIEC/ELEC/5THCT/00 | E93: Fifth Floor | F93: ELECTRICAL 5TH FLOOR CABLE TRAY LAYOUT | G93: T Surya | H93: 45804 | I93: 45804 | J93: 45840 | K93: 45816 | L93: 45877 | M93: 45823 | N93: 45946 | O93: 45830
A94: 93 | B94: MEP | C94: Electrical | D94: WLH/KEC/SIEC/ELEC/POWER CONDUIT/6TH FL/01 | E94: Sixth Floor | F94: POWER LAYOUT WITH SLD 6TH FLOOR PLAN | G94: T Surya | H94: 45821 | I94: 45821 | J94: 45847 | K94: 45833 | L94: 45883 | M94: 45840 | N94: 45946 | O94: 45847
A95: 94 | B95: MEP | C95: Electrical | D95: WLH/KEC/SIEC/ELEC/POWER CONDUIT/6TH FL/02 | E95: Sixth Floor | F95: POWER LAYOUT WITH SLD 6TH FLOOR PLAN | G95: T Surya | H95: 45821 | I95: 45821 | J95: 45847 | K95: 45833 | L95: 45883 | M95: 45840 | N95: 45946 | O95: 45847
A96: 95 | B96: MEP | C96: Electrical | D96: WLH/KEC/SIEC/ELEC/POWER CONDUIT/6TH FL/03 | E96: Sixth Floor | F96: POWER LAYOUT WITH SLD 6TH FLOOR PLAN | G96: T Surya | H96: 45821 | I96: 45821 | J96: 45847 | K96: 45833 | L96: 45883 | M96: 45840 | N96: 45946 | O96: 45847
A97: 96 | B97: MEP | C97: Electrical | D97: WLH/KEC/SIEC/ELEC/LIGHTING CONDUIT/6TH FL/00 | E97: Sixth Floor | F97: LIGHTING LAYOUT WITH SLD 6TH FLOOR PLAN | G97: T Surya | H97: 45821 | I97: 45821 | J97: 45847 | K97: 45833 | L97: 45883 | M97: 45840 | N97: 45946 | O97: 45847
A98: 97 | B98: MEP | C98: Electrical | D98: WLH/KEC/SIEC/ELEC/6THCT/00 | E98: Sixth Floor | F98: ELECTRICAL 6TH FLOOR CABLE TRAY LAYOUT | G98: T Surya | H98: 45821 | I98: 45821 | J98: 45847 | K98: 45833 | L98: 45883 | M98: 45840 | N98: 45946 | O98: 45847
A99: 98 | B99: MEP | C99: Electrical | D99: WLH/KEC/SIEC/ELEC/POWER CONDUIT/7TH FL/01 | E99: Seventh Floor | F99: POWER LAYOUT WITH SLD 7TH FLOOR PLAN | G99: T Surya | H99: 45837 | I99: 45837 | J99: 45896 | K99: 45849 | M99: 45856 | N99: 45946 | O99: 45863
A100: 99 | B100: MEP | C100: Electrical | D100: WLH/KEC/SIEC/ELEC/POWER CONDUIT/7TH FL/02 | E100: Seventh Floor | F100: POWER LAYOUT WITH SLD 7TH FLOOR PLAN | G100: T Surya | H100: 45837 | I100: 45837 | J100: 45896 | K100: 45849 | M100: 45856 | N100: 45946 | O100: 45863
A101: 100 | B101: MEP | C101: Electrical | D101: WLH/KEC/SIEC/ELEC/POWER CONDUIT/7TH FL/03 | E101: Seventh Floor | F101: POWER LAYOUT WITH SLD 7TH FLOOR PLAN | G101: T Surya | H101: 45837 | I101: 45837 | J101: 45896 | K101: 45849 | M101: 45856 | N101: 45946 | O101: 45863
A102: 101 | B102: MEP | C102: Electrical | D102: WLH/KEC/SIEC/ELEC/LIGHTING CONDUIT/7TH FL/00 | E102: Seventh Floor | F102: LIGHTING LAYOUT WITH SLD 7TH FLOOR PLAN | G102: T Surya | H102: 45837 | I102: 45837 | J102: 45896 | K102: 45849 | M102: 45856 | N102: 45946 | O102: 45863
A103: 102 | B103: MEP | C103: Electrical | D103: WLH/KEC/SIEC/ELEC/7THCT/00 | E103: Seventh Floor | F103: ELECTRICAL 7TH FLOOR CABLE TRAY LAYOUT | G103: T Surya | H103: 45837 | I103: 45837 | J103: 45896 | K103: 45849 | M103: 45856 | N103: 45946 | O103: 45863
A104: 103 | B104: MEP | C104: Electrical | D104: WLH/KEC/SIEC/ELEC/POWER CONDUIT/8TH FL/01 | E104: Eighth Floor | F104: POWER LAYOUT WITH SLD 8TH FLOOR PLAN | G104: T Surya | H104: 45837 | I104: 45837 | J104: 45899 | K104: 45849 | M104: 45856 | N104: 45959 | O104: 45863
...

Sheet DRG_Status
A1: DRG ID | B1: Discipline | C1: 1st Submission Plan_wk | D1: Actual Submission to Client_wk | E1: Planned Approval_wk | F1: Actual Approval_wk | G1: 1st Submission Plan_mth | H1: Actual Submission to Client_mth | I1: Planned Approval_mth | J1: Actual Approval_mth
A2: =Master_Data!D2 -> WLH/KEC/SIEC/SEWAGE/BASEMENT/00 | B2: =Master_Data!B2 -> MEP | C2: =IF(Master_Data!H2="","",Master_Data!H2 - WEEKDAY(Master_Data!H2,2) + 1) -> 45747 | D2: =IF(Master_Data!J2="","",Master_Data!J2 - WEEKDAY(Master_Data!J2,2) + 1) -> 45747 | E2: =IF(Master_Data!M2="","",Master_Data!M2 - WEEKDAY(Master_Data!M2,2) + 1) -> 45761 | F2: =IF(Master_Data!N2="","",Master_Data!N2 - WEEKDAY(Master_Data!N2,2) + 1) -> 45803 | G2: =EOMONTH(Master_Data!H2,-1)+1 -> 45717 | H2: =IF(Master_Data!J2="","",EOMONTH(Master_Data!J2,-1)+1) -> 45748 | I2: =IF(Master_Data!M2="","",EOMONTH(Master_Data!M2,-1)+1) -> 45748 | J2: =IF(Master_Data!N2="","",EOMONTH(Master_Data!N2,-1)+1) -> 45778
A3: =Master_Data!D3 -> WLH/KEC/SIEC/DRAINAGE/BASEMENT/00 | B3: =Master_Data!B3 -> MEP | C3: =IF(Master_Data!H3="","",Master_Data!H3 - WEEKDAY(Master_Data!H3,2) + 1) -> 45747 | D3: =IF(Master_Data!J3="","",Master_Data!J3 - WEEKDAY(Master_Data!J3,2) + 1) -> 45747 | E3: =IF(Master_Data!M3="","",Master_Data!M3 - WEEKDAY(Master_Data!M3,2) + 1) -> 45761 | F3: =IF(Master_Data!N3="","",Master_Data!N3 - WEEKDAY(Master_Data!N3,2) + 1) -> 45803 | G3: =EOMONTH(Master_Data!H3,-1)+1 -> 45717 | H3: =IF(Master_Data!J3="","",EOMONTH(Master_Data!J3,-1)+1) -> 45748 | I3: =IF(Master_Data!M3="","",EOMONTH(Master_Data!M3,-1)+1) -> 45748 | J3: =IF(Master_Data!N3="","",EOMONTH(Master_Data!N3,-1)+1) -> 45778
A4: =Master_Data!D4 -> WLH/KEC/SIEC/WATER SUPPLY/GF FL/00 | B4: =Master_Data!B4 -> MEP | C4: =IF(Master_Data!H4="","",Master_Data!H4 - WEEKDAY(Master_Data!H4,2) + 1) -> 45747 | D4: =IF(Master_Data!J4="","",Master_Data!J4 - WEEKDAY(Master_Data!J4,2) + 1) -> 45754 | E4: =IF(Master_Data!M4="","",Master_Data!M4 - WEEKDAY(Master_Data!M4,2) + 1) -> 45761 | F4: =IF(Master_Data!N4="","",Master_Data!N4 - WEEKDAY(Master_Data!N4,2) + 1) -> 45810 | G4: =EOMONTH(Master_Data!H4,-1)+1 -> 45717 | H4: =IF(Master_Data!J4="","",EOMONTH(Master_Data!J4,-1)+1) -> 45748 | I4: =IF(Master_Data!M4="","",EOMONTH(Master_Data!M4,-1)+1) -> 45748 | J4: =IF(Master_Data!N4="","",EOMONTH(Master_Data!N4,-1)+1) -> 45809
A5: =Master_Data!D5 -> WLH/KEC/SIEC/DRAINAGE/GF FL/00 | B5: =Master_Data!B5 -> MEP | C5: =IF(Master_Data!H5="","",Master_Data!H5 - WEEKDAY(Master_Data!H5,2) + 1) -> 45747 | D5: =IF(Master_Data!J5="","",Master_Data!J5 - WEEKDAY(Master_Data!J5,2) + 1) -> 45754 | E5: =IF(Master_Data!M5="","",Master_Data!M5 - WEEKDAY(Master_Data!M5,2) + 1) -> 45761 | F5: =IF(Master_Data!N5="","",Master_Data!N5 - WEEKDAY(Master_Data!N5,2) + 1) -> 45810 | G5: =EOMONTH(Master_Data!H5,-1)+1 -> 45717 | H5: =IF(Master_Data!J5="","",EOMONTH(Master_Data!J5,-1)+1) -> 45748 | I5: =IF(Master_Data!M5="","",EOMONTH(Master_Data!M5,-1)+1) -> 45748 | J5: =IF(Master_Data!N5="","",EOMONTH(Master_Data!N5,-1)+1) -> 45809
A6: =Master_Data!D6 -> WLH/KEC/SIEC/WATER SUPPLY/1ST FL/00 | B6: =Master_Data!B6 -> MEP | C6: =IF(Master_Data!H6="","",Master_Data!H6 - WEEKDAY(Master_Data!H6,2) + 1) -> 45971 | D6: =IF(Master_Data!J6="","",Master_Data!J6 - WEEKDAY(Master_Data!J6,2) + 1) -> 45971 | E6: =IF(Master_Data!M6="","",Master_Data!M6 - WEEKDAY(Master_Data!M6,2) + 1) -> 45985 | F6: =IF(Master_Data!N6="","",Master_Data!N6 - WEEKDAY(Master_Data!N6,2) + 1) -> 45992 | G6: =EOMONTH(Master_Data!H6,-1)+1 -> 45962 | H6: =IF(Master_Data!J6="","",EOMONTH(Master_Data!J6,-1)+1) -> 45962 | I6: =IF(Master_Data!M6="","",EOMONTH(Master_Data!M6,-1)+1) -> 45962 | J6: =IF(Master_Data!N6="","",EOMONTH(Master_Data!N6,-1)+1) -> 45992
A7: =Master_Data!D7 -> WLH/KEC/SIEC/DRAINAGE/1ST FL/00 | B7: =Master_Data!B7 -> MEP | C7: =IF(Master_Data!H7="","",Master_Data!H7 - WEEKDAY(Master_Data!H7,2) + 1) -> 45971 | D7: =IF(Master_Data!J7="","",Master_Data!J7 - WEEKDAY(Master_Data!J7,2) + 1) -> 45971 | E7: =IF(Master_Data!M7="","",Master_Data!M7 - WEEKDAY(Master_Data!M7,2) + 1) -> 45985 | F7: =IF(Master_Data!N7="","",Master_Data!N7 - WEEKDAY(Master_Data!N7,2) + 1) -> 45992 | G7: =EOMONTH(Master_Data!H7,-1)+1 -> 45962 | H7: =IF(Master_Data!J7="","",EOMONTH(Master_Data!J7,-1)+1) -> 45962 | I7: =IF(Master_Data!M7="","",EOMONTH(Master_Data!M7,-1)+1) -> 45962 | J7: =IF(Master_Data!N7="","",EOMONTH(Master_Data!N7,-1)+1) -> 45992
A8: =Master_Data!D8 -> WLH/KEC/SIEC/WATER SUPPLY/2ND FL/00 | B8: =Master_Data!B8 -> MEP | C8: =IF(Master_Data!H8="","",Master_Data!H8 - WEEKDAY(Master_Data!H8,2) + 1) -> 45957 | D8: =IF(Master_Data!J8="","",Master_Data!J8 - WEEKDAY(Master_Data!J8,2) + 1) -> 45964 | E8: =IF(Master_Data!M8="","",Master_Data!M8 - WEEKDAY(Master_Data!M8,2) + 1) -> 45971 | F8: =IF(Master_Data!N8="","",Master_Data!N8 - WEEKDAY(Master_Data!N8,2) + 1) -> 45992 | G8: =EOMONTH(Master_Data!H8,-1)+1 -> 45931 | H8: =IF(Master_Data!J8="","",EOMONTH(Master_Data!J8,-1)+1) -> 45962 | I8: =IF(Master_Data!M8="","",EOMONTH(Master_Data!M8,-1)+1) -> 45962 | J8: =IF(Master_Data!N8="","",EOMONTH(Master_Data!N8,-1)+1) -> 45992
A9: =Master_Data!D9 -> WLH/KEC/SIEC/DRAINAGE/2ND FL/00 | B9: =Master_Data!B9 -> MEP | C9: =IF(Master_Data!H9="","",Master_Data!H9 - WEEKDAY(Master_Data!H9,2) + 1) -> 45957 | D9: =IF(Master_Data!J9="","",Master_Data!J9 - WEEKDAY(Master_Data!J9,2) + 1) -> 45964 | E9: =IF(Master_Data!M9="","",Master_Data!M9 - WEEKDAY(Master_Data!M9,2) + 1) -> 45971 | F9: =IF(Master_Data!N9="","",Master_Data!N9 - WEEKDAY(Master_Data!N9,2) + 1) -> 45992 | G9: =EOMONTH(Master_Data!H9,-1)+1 -> 45931 | H9: =IF(Master_Data!J9="","",EOMONTH(Master_Data!J9,-1)+1) -> 45962 | I9: =IF(Master_Data!M9="","",EOMONTH(Master_Data!M9,-1)+1) -> 45962 | J9: =IF(Master_Data!N9="","",EOMONTH(Master_Data!N9,-1)+1) -> 45992
A10: =Master_Data!D10 -> WLH/KEC/SIEC/WATER SUPPLY/3RD FL/00 | B10: =Master_Data!B10 -> MEP | C10: =IF(Master_Data!H10="","",Master_Data!H10 - WEEKDAY(Master_Data!H10,2) + 1) -> 45950 | D10: =IF(Master_Data!J10="","",Master_Data!J10 - WEEKDAY(Master_Data!J10,2) + 1) -> 45957 | E10: =IF(Master_Data!M10="","",Master_Data!M10 - WEEKDAY(Master_Data!M10,2) + 1) -> 45964 | F10: =IF(Master_Data!N10="","",Master_Data!N10 - WEEKDAY(Master_Data!N10,2) + 1) -> 45992 | G10: =EOMONTH(Master_Data!H10,-1)+1 -> 45931 | H10: =IF(Master_Data!J10="","",EOMONTH(Master_Data!J10,-1)+1) -> 45931 | I10: =IF(Master_Data!M10="","",EOMONTH(Master_Data!M10,-1)+1) -> 45962 | J10: =IF(Master_Data!N10="","",EOMONTH(Master_Data!N10,-1)+1) -> 45992
A11: =Master_Data!D11 -> WLH/KEC/SIEC/DRAINAGE/3RD FL/00 | B11: =Master_Data!B11 -> MEP | C11: =IF(Master_Data!H11="","",Master_Data!H11 - WEEKDAY(Master_Data!H11,2) + 1) -> 45950 | D11: =IF(Master_Data!J11="","",Master_Data!J11 - WEEKDAY(Master_Data!J11,2) + 1) -> 45957 | E11: =IF(Master_Data!M11="","",Master_Data!M11 - WEEKDAY(Master_Data!M11,2) + 1) -> 45964 | F11: =IF(Master_Data!N11="","",Master_Data!N11 - WEEKDAY(Master_Data!N11,2) + 1) -> 45992 | G11: =EOMONTH(Master_Data!H11,-1)+1 -> 45931 | H11: =IF(Master_Data!J11="","",EOMONTH(Master_Data!J11,-1)+1) -> 45931 | I11: =IF(Master_Data!M11="","",EOMONTH(Master_Data!M11,-1)+1) -> 45962 | J11: =IF(Master_Data!N11="","",EOMONTH(Master_Data!N11,-1)+1) -> 45992
A12: =Master_Data!D12 -> WLH/KEC/SIEC/WATER SUPPLY/4TH FL/00 | B12: =Master_Data!B12 -> MEP | C12: =IF(Master_Data!H12="","",Master_Data!H12 - WEEKDAY(Master_Data!H12,2) + 1) -> 45789 | D12: =IF(Master_Data!J12="","",Master_Data!J12 - WEEKDAY(Master_Data!J12,2) + 1) -> 45796 | E12: =IF(Master_Data!M12="","",Master_Data!M12 - WEEKDAY(Master_Data!M12,2) + 1) -> 45803 | F12: =IF(Master_Data!N12="","",Master_Data!N12 - WEEKDAY(Master_Data!N12,2) + 1) -> 45810 | G12: =EOMONTH(Master_Data!H12,-1)+1 -> 45778 | H12: =IF(Master_Data!J12="","",EOMONTH(Master_Data!J12,-1)+1) -> 45778 | I12: =IF(Master_Data!M12="","",EOMONTH(Master_Data!M12,-1)+1) -> 45778 | J12: =IF(Master_Data!N12="","",EOMONTH(Master_Data!N12,-1)+1) -> 45809
A13: =Master_Data!D13 -> WLH/KEC/SIEC/DRAINAGE/4TH FL/00 | B13: =Master_Data!B13 -> MEP | C13: =IF(Master_Data!H13="","",Master_Data!H13 - WEEKDAY(Master_Data!H13,2) + 1) -> 45789 | D13: =IF(Master_Data!J13="","",Master_Data!J13 - WEEKDAY(Master_Data!J13,2) + 1) -> 45796 | E13: =IF(Master_Data!M13="","",Master_Data!M13 - WEEKDAY(Master_Data!M13,2) + 1) -> 45803 | F13: =IF(Master_Data!N13="","",Master_Data!N13 - WEEKDAY(Master_Data!N13,2) + 1) -> 45810 | G13: =EOMONTH(Master_Data!H13,-1)+1 -> 45778 | H13: =IF(Master_Data!J13="","",EOMONTH(Master_Data!J13,-1)+1) -> 45778 | I13: =IF(Master_Data!M13="","",EOMONTH(Master_Data!M13,-1)+1) -> 45809 | J13: =IF(Master_Data!N13="","",EOMONTH(Master_Data!N13,-1)+1) -> 45809
... A246: =Master_Data!D246 -> WLH/KEC/SIEC/HVAC/GR FL/SMOKE EXTRACTION/00-00 | B246: =Master_Data!B246 -> Structural | C246: =IF(Master_Data!H246="","",Master_Data!H246 - WEEKDAY(Master_Data!H246,2) + 1) -> 45747 | D246: =IF(Master_Data!J246="","",Master_Data!J246 - WEEKDAY(Master_Data!J246,2) + 1) -> 45754 | E246: =IF(Master_Data!M246="","",Master_Data!M246 - WEEKDAY(Master_Data!M246,2) + 1) -> 45761 | F246: =IF(Master_Data!N246="","",Master_Data!N246 - WEEKDAY(Master_Data!N246,2) + 1) -> 45810 | G246: =EOMONTH(Master_Data!H246,-1)+1 -> 45717 | H246: =IF(Master_Data!J246="","",EOMONTH(Master_Data!J246,-1)+1) -> 45748 | I246: =IF(Master_Data!M246="","",EOMONTH(Master_Data!M246,-1)+1) -> 45748 | J246: =IF(Master_Data!N246="","",EOMONTH(Master_Data!N246,-1)+1) -> 45809
A247: WLH/KEC/SIEC/HVAC/PRESSURIZATION/GR FL/00 | B247: =Master_Data!B247 -> Structural | C247: =IF(Master_Data!H247="","",Master_Data!H247 - WEEKDAY(Master_Data!H247,2) + 1) -> 45747 | D247: =IF(Master_Data!J247="","",Master_Data!J247 - WEEKDAY(Master_Data!J247,2) + 1) -> 45754 | E247: =IF(Master_Data!M247="","",Master_Data!M247 - WEEKDAY(Master_Data!M247,2) + 1) -> 45761 | F247: =IF(Master_Data!N247="","",Master_Data!N247 - WEEKDAY(Master_Data!N247,2) + 1) -> 45810 | G247: =EOMONTH(Master_Data!H247,-1)+1 -> 45717 | H247: =IF(Master_Data!J247="","",EOMONTH(Master_Data!J247,-1)+1) -> 45748 | I247: =IF(Master_Data!M247="","",EOMONTH(Master_Data!M247,-1)+1) -> 45748 | J247: =IF(Master_Data!N247="","",EOMONTH(Master_Data!N247,-1)+1) -> 45809
A248: WLH/KEC/SIEC/HVAC/1ST FL/DUCTING/00 | B248: =Master_Data!B248 -> Structural | C248: =IF(Master_Data!H248="","",Master_Data!H248 - WEEKDAY(Master_Data!H248,2) + 1) -> 45971 | D248: =IF(Master_Data!J248="","",Master_Data!J248 - WEEKDAY(Master_Data!J248,2) + 1) -> 45971 | E248: =IF(Master_Data!M248="","",Master_Data!M248 - WEEKDAY(Master_Data!M248,2) + 1) -> 45985 | F248: =IF(Master_Data!N248="","",Master_Data!N248 - WEEKDAY(Master_Data!N248,2) + 1) -> 45992 | G248: =EOMONTH(Master_Data!H248,-1)+1 -> 45962 | H248: =IF(Master_Data!J248="","",EOMONTH(Master_Data!J248,-1)+1) -> 45962 | I248: =IF(Master_Data!M248="","",EOMONTH(Master_Data!M248,-1)+1) -> 45962 | J248: =IF(Master_Data!N248="","",EOMONTH(Master_Data!N248,-1)+1) -> 45992
A249: WLH/KEC/SIEC/HVAC/1ST FL/CHW PIPING/00 | B249: =Master_Data!B249 -> Structural | C249: =IF(Master_Data!H249="","",Master_Data!H249 - WEEKDAY(Master_Data!H249,2) + 1) -> 45971 | D249: =IF(Master_Data!J249="","",Master_Data!J249 - WEEKDAY(Master_Data!J249,2) + 1) -> 45971 | E249: =IF(Master_Data!M249="","",Master_Data!M249 - WEEKDAY(Master_Data!M249,2) + 1) -> 45985 | F249: =IF(Master_Data!N249="","",Master_Data!N249 - WEEKDAY(Master_Data!N249,2) + 1) -> 45992 | G249: =EOMONTH(Master_Data!H249,-1)+1 -> 45962 | H249: =IF(Master_Data!J249="","",EOMONTH(Master_Data!J249,-1)+1) -> 45962 | I249: =IF(Master_Data!M249="","",EOMONTH(Master_Data!M249,-1)+1) -> 45962 | J249: =IF(Master_Data!N249="","",EOMONTH(Master_Data!N249,-1)+1) -> 45992
A250: WLH/KEC/SIEC/HVAC/1ST FL/SMOKE EXTRACTION/00 | B250: =Master_Data!B250 -> Structural | C250: =IF(Master_Data!H250="","",Master_Data!H250 - WEEKDAY(Master_Data!H250,2) + 1) -> 45971 | D250: =IF(Master_Data!J250="","",Master_Data!J250 - WEEKDAY(Master_Data!J250,2) + 1) -> 45971 | E250: =IF(Master_Data!M250="","",Master_Data!M250 - WEEKDAY(Master_Data!M250,2) + 1) -> 45985 | F250: =IF(Master_Data!N250="","",Master_Data!N250 - WEEKDAY(Master_Data!N250,2) + 1) -> 45992 | G250: =EOMONTH(Master_Data!H250,-1)+1 -> 45962 | H250: =IF(Master_Data!J250="","",EOMONTH(Master_Data!J250,-1)+1) -> 45962 | I250: =IF(Master_Data!M250="","",EOMONTH(Master_Data!M250,-1)+1) -> 45962 | J250: =IF(Master_Data!N250="","",EOMONTH(Master_Data!N250,-1)+1) -> 45992
A251: WLH/KEC/SIEC/HVAC/1ST FL/FRESH AIR/00 | B251: =Master_Data!B251 -> Structural | C251: =IF(Master_Data!H251="","",Master_Data!H251 - WEEKDAY(Master_Data!H251,2) + 1) -> 45971 | D251: =IF(Master_Data!J251="","",Master_Data!J251 - WEEKDAY(Master_Data!J251,2) + 1) -> 45971 | E251: =IF(Master_Data!M251="","",Master_Data!M251 - WEEKDAY(Master_Data!M251,2) + 1) -> 45985 | F251: =IF(Master_Data!N251="","",Master_Data!N251 - WEEKDAY(Master_Data!N251,2) + 1) -> 45992 | G251: =EOMONTH(Master_Data!H251,-1)+1 -> 45962 | H251: =IF(Master_Data!J251="","",EOMONTH(Master_Data!J251,-1)+1) -> 45962 | I251: =IF(Master_Data!M251="","",EOMONTH(Master_Data!M251,-1)+1) -> 45962 | J251: =IF(Master_Data!N251="","",EOMONTH(Master_Data!N251,-1)+1) -> 45992
A252: WLH/KEC/SIEC/HVAC/PRESSURIZATION/1STFL/00 | B252: =Master_Data!B252 -> Structural | C252: =IF(Master_Data!H252="","",Master_Data!H252 - WEEKDAY(Master_Data!H252,2) + 1) -> 45971 | D252: =IF(Master_Data!J252="","",Master_Data!J252 - WEEKDAY(Master_Data!J252,2) + 1) -> 45971 | E252: =IF(Master_Data!M252="","",Master_Data!M252 - WEEKDAY(Master_Data!M252,2) + 1) -> 45985 | F252: =IF(Master_Data!N252="","",Master_Data!N252 - WEEKDAY(Master_Data!N252,2) + 1) -> 45992 | G252: =EOMONTH(Master_Data!H252,-1)+1 -> 45962 | H252: =IF(Master_Data!J252="","",EOMONTH(Master_Data!J252,-1)+1) -> 45962 | I252: =IF(Master_Data!M252="","",EOMONTH(Master_Data!M252,-1)+1) -> 45962 | J252: =IF(Master_Data!N252="","",EOMONTH(Master_Data!N252,-1)+1) -> 45992
A253: WLH/KEC/SIEC/HVAC/2ND FL/DUCTING/00 | B253: =Master_Data!B253 -> Structural | C253: =IF(Master_Data!H253="","",Master_Data!H253 - WEEKDAY(Master_Data!H253,2) + 1) -> 45957 | D253: =IF(Master_Data!J253="","",Master_Data!J253 - WEEKDAY(Master_Data!J253,2) + 1) -> 45964 | E253: =IF(Master_Data!M253="","",Master_Data!M253 - WEEKDAY(Master_Data!M253,2) + 1) -> 45971 | F253: =IF(Master_Data!N253="","",Master_Data!N253 - WEEKDAY(Master_Data!N253,2) + 1) -> 45992 | G253: =EOMONTH(Master_Data!H253,-1)+1 -> 45931 | H253: =IF(Master_Data!J253="","",EOMONTH(Master_Data!J253,-1)+1) -> 45962 | I253: =IF(Master_Data!M253="","",EOMONTH(Master_Data!M253,-1)+1) -> 45962 | J253: =IF(Master_Data!N253="","",EOMONTH(Master_Data!N253,-1)+1) -> 45992
A254: WLH/KEC/SIEC/HVAC/2ND FL/CHW PIPING/00 | B254: =Master_Data!B254 -> Structural | C254: =IF(Master_Data!H254="","",Master_Data!H254 - WEEKDAY(Master_Data!H254,2) + 1) -> 45957 | D254: =IF(Master_Data!J254="","",Master_Data!J254 - WEEKDAY(Master_Data!J254,2) + 1) -> 45964 | E254: =IF(Master_Data!M254="","",Master_Data!M254 - WEEKDAY(Master_Data!M254,2) + 1) -> 45971 | F254: =IF(Master_Data!N254="","",Master_Data!N254 - WEEKDAY(Master_Data!N254,2) + 1) -> 45992 | G254: =EOMONTH(Master_Data!H254,-1)+1 -> 45931 | H254: =IF(Master_Data!J254="","",EOMONTH(Master_Data!J254,-1)+1) -> 45962 | I254: =IF(Master_Data!M254="","",EOMONTH(Master_Data!M254,-1)+1) -> 45962 | J254: =IF(Master_Data!N254="","",EOMONTH(Master_Data!N254,-1)+1) -> 45992
A255: WLH/KEC/SIEC/HVAC/2ND FL/SMOKE EXTRACTION/00 | B255: =Master_Data!B255 -> Structural | C255: =IF(Master_Data!H255="","",Master_Data!H255 - WEEKDAY(Master_Data!H255,2) + 1) -> 45957 | D255: =IF(Master_Data!J255="","",Master_Data!J255 - WEEKDAY(Master_Data!J255,2) + 1) -> 45964 | E255: =IF(Master_Data!M255="","",Master_Data!M255 - WEEKDAY(Master_Data!M255,2) + 1) -> 45971 | F255: =IF(Master_Data!N255="","",Master_Data!N255 - WEEKDAY(Master_Data!N255,2) + 1) -> 45992 | G255: =EOMONTH(Master_Data!H255,-1)+1 -> 45931 | H255: =IF(Master_Data!J255="","",EOMONTH(Master_Data!J255,-1)+1) -> 45962 | I255: =IF(Master_Data!M255="","",EOMONTH(Master_Data!M255,-1)+1) -> 45962 | J255: =IF(Master_Data!N255="","",EOMONTH(Master_Data!N255,-1)+1) -> 45992
A256: WLH/KEC/SIEC/HVAC/2ND FL/FRESH AIR/00 | B256: =Master_Data!B256 -> Structural | C256: =IF(Master_Data!H256="","",Master_Data!H256 - WEEKDAY(Master_Data!H256,2) + 1) -> 45957 | D256: =IF(Master_Data!J256="","",Master_Data!J256 - WEEKDAY(Master_Data!J256,2) + 1) -> 45964 | E256: =IF(Master_Data!M256="","",Master_Data!M256 - WEEKDAY(Master_Data!M256,2) + 1) -> 45971 | F256: =IF(Master_Data!N256="","",Master_Data!N256 - WEEKDAY(Master_Data!N256,2) + 1) -> 45992 | G256: =EOMONTH(Master_Data!H256,-1)+1 -> 45931 | H256: =IF(Master_Data!J256="","",EOMONTH(Master_Data!J256,-1)+1) -> 45962 | I256: =IF(Master_Data!M256="","",EOMONTH(Master_Data!M256,-1)+1) -> 45962 | J256: =IF(Master_Data!N256="","",EOMONTH(Master_Data!N256,-1)+1) -> 45992
A257: WLH/KEC/SIEC/HVAC/PRESSURIZATION/2ND FL/00 | B257: =Master_Data!B257 -> Structural | C257: =IF(Master_Data!H257="","",Master_Data!H257 - WEEKDAY(Master_Data!H257,2) + 1) -> 45957 | D257: =IF(Master_Data!J257="","",Master_Data!J257 - WEEKDAY(Master_Data!J257,2) + 1) -> 45964 | E257: =IF(Master_Data!M257="","",Master_Data!M257 - WEEKDAY(Master_Data!M257,2) + 1) -> 45971 | F257: =IF(Master_Data!N257="","",Master_Data!N257 - WEEKDAY(Master_Data!N257,2) + 1) -> 45992 | G257: =EOMONTH(Master_Data!H257,-1)+1 -> 45931 | H257: =IF(Master_Data!J257="","",EOMONTH(Master_Data!J257,-1)+1) -> 45962 | I257: =IF(Master_Data!M257="","",EOMONTH(Master_Data!M257,-1)+1) -> 45962 | J257: =IF(Master_Data!N257="","",EOMONTH(Master_Data!N257,-1)+1) -> 45992
A258: WLH/KEC/SIEC/HVAC/3RD FL/DUCTING/00 | B258: =Master_Data!B258 -> Structural | C258: =IF(Master_Data!H258="","",Master_Data!H258 - WEEKDAY(Master_Data!H258,2) + 1) -> 45950 | D258: =IF(Master_Data!J258="","",Master_Data!J258 - WEEKDAY(Master_Data!J258,2) + 1) -> 45957 | E258: =IF(Master_Data!M258="","",Master_Data!M258 - WEEKDAY(Master_Data!M258,2) + 1) -> 45964 | F258: =IF(Master_Data!N258="","",Master_Data!N258 - WEEKDAY(Master_Data!N258,2) + 1) -> 45992 | G258: =EOMONTH(Master_Data!H258,-1)+1 -> 45931 | H258: =IF(Master_Data!J258="","",EOMONTH(Master_Data!J258,-1)+1) -> 45931 | I258: =IF(Master_Data!M258="","",EOMONTH(Master_Data!M258,-1)+1) -> 45962 | J258: =IF(Master_Data!N258="","",EOMONTH(Master_Data!N258,-1)+1) -> 45992
... A543: WMHL-EX-A44-06 | B543: =Master_Data!B543 -> Structural | C543: =IF(Master_Data!H543="","",Master_Data!H543 - WEEKDAY(Master_Data!H543,2) + 1) -> 46055 | D543: =IF(Master_Data!J543="","",Master_Data!J543 - WEEKDAY(Master_Data!J543,2) + 1) -> 46055 | E543: =IF(Master_Data!M543="","",Master_Data!M543 - WEEKDAY(Master_Data!M543,2) + 1) -> 46083 | F543: =IF(Master_Data!N543="","",Master_Data!N543 - WEEKDAY(Master_Data!N543,2) + 1) -> 46132 | G543: =EOMONTH(Master_Data!H543,-1)+1 -> 46054 | H543: =IF(Master_Data!J543="","",EOMONTH(Master_Data!J543,-1)+1) -> 46054 | I543: =IF(Master_Data!M543="","",EOMONTH(Master_Data!M543,-1)+1) -> 46082 | J543: =IF(Master_Data!N543="","",EOMONTH(Master_Data!N543,-1)+1) -> 46113

Sheet S_Curve_Data
B1: Column Labels | F1: Structural | G1: =HLOOKUP(F1,$B$2:$D$3,2,FALSE) -> 183 | M1: Architecture | N1: =HLOOKUP(M1,$B$2:$D$3,2,FALSE) -> 123 | T1: MEP | U1: =HLOOKUP(T1,$B$2:$D$3,2,FALSE) -> 236 | AA1: Structural | AB1: =HLOOKUP(AA1,$B$2:$D$3,2,FALSE) -> 183 | AH1: Architecture | AI1: =HLOOKUP(AH1,$B$2:$D$3,2,FALSE) -> 123 | AO1: MEP | AP1: =HLOOKUP(AO1,$B$2:$D$3,2,FALSE) -> 236
B2: Architecture | C2: MEP | D2: Structural | F2: Rpt_Week | G2: Submission_1 Plan | H2: Submission_1 Actuals | I2: Approval Plan | J2: Approval Actuals | M2: Rpt_Week | N2: Submission_1 Plan | O2: Submission_1 Actuals | P2: Approval Plan | Q2: Approval Actuals | T2: Rpt_Week | U2: Submission_1 Plan | V2: Submission_1 Actuals | W2: Approval Plan | X2: Approval Actuals | AA2: Rpt_Month | AB2: Submission_1 Plan | AC2: Submission_1 Actuals | AD2: Approval Plan | AE2: Approval Actuals | AH2: Rpt_Month | AI2: Submission_1 Plan | AJ2: Submission_1 Actuals | AK2: Approval Plan | AL2: Approval Actuals | AO2: Rpt_Month | AP2: Submission_1 Plan | AQ2: Submission_1 Actuals | AR2: Approval Plan | AS2: Approval Actuals
A3: Total DRG ID | B3: 123 | C3: 236 | D3: 183 | F3: =Mappings!B2 -> 45663 | G3: {=IFERROR(ROWS(_xlfn._xlws.FILTER( DRG_Status!$A$2:$A$100000, (DRG_Status!$C$2:$C$100000=S_Curve_Data!F3) * (DRG_Status!$B$2:$B$100000=S_Curve_Data!$F$1) )),0)/$G$1} -> 0 | H3: {=IFERROR(ROWS(_xlfn._xlws.FILTER( DRG_Status!$A$2:$A$100000, (DRG_Status!$D$2:$D$100000=S_Curve_Data!F3) * (DRG_Status!$B$2:$B$100000=S_Curve_Data!$F$1) )),0)/$G$1} -> 0 | I3: {=IFERROR(ROWS(_xlfn._xlws.FILTER( DRG_Status!$A$2:$A$100000, (DRG_Status!$E$2:$E$100000=S_Curve_Data!F3) * (DRG_Status!$B$2:$B$100000=S_Curve_Data!$F$1) )),0)/$G$1} -> 0 | J3: {=IFERROR(ROWS(_xlfn._xlws.FILTER( DRG_Status!$A$2:$A$100000, (DRG_Status!$F$2:$F$100000=S_Curve_Data!F3) * (DRG_Status!$B$2:$B$100000=S_Curve_Data!$F$1) )),0)/$G$1} -> 0 | M3: =Mappings!B2 -> 45663 | N3: {=IFERROR(ROWS(_xlfn._xlws.FILTER( DRG_Status!$A$2:$A$100000, (DRG_Status!$C$2:$C$100000=S_Curve_Data!M3) * (DRG_Status!$B$2:$B$100000=S_Curve_Data!$M$1) )),0)/$N$1} -> 0 | O3: {=IFERROR(ROWS(_xlfn._xlws.FILTER( DRG_Status!$A$2:$A$100000, (DRG_Status!$D$2:$D$100000=S_Curve_Data!M3) * (DRG_Status!$B$2:$B$100000=S_Curve_Data!$M$1) )),0)/$N$1} -> 0 | P3: {=IFERROR(ROWS(_xlfn._xlws.FILTER( DRG_Status!$A$2:$A$100000, (DRG_Status!$E$2:$E$100000=S_Curve_Data!M3) * (DRG_Status!$B$2:$B$100000=S_Curve_Data!$M$1) )),0)/$N$1} -> 0 | Q3: {=IFERROR(ROWS(_xlfn._xlws.FILTER( DRG_Status!$A$2:$A$100000, (DRG_Status!$F$2:$F$100000=S_Curve_Data!M3) * (DRG_Status!$B$2:$B$100000=S_Curve_Data!$M$1) )),0)/$N$1} -> 0 | T3: =Mappings!B2 -> 45663 | U3: {=IFERROR(ROWS(_xlfn._xlws.FILTER( DRG_Status!$A$2:$A$100000, (DRG_Status!$C$2:$C$100000=S_Curve_Data!T3) * (DRG_Status!$B$2:$B$100000=S_Curve_Data!$T$1) )),0)/$U$1} -> 0 | V3: {=IFERROR(ROWS(_xlfn._xlws.FILTER( DRG_Status!$A$2:$A$100000, (DRG_Status!$D$2:$D$100000=S_Curve_Data!T3) * (DRG_Status!$B$2:$B$100000=S_Curve_Data!$T$1) )),0)/$U$1} -> 0 | W3: {=IFERROR(ROWS(_xlfn._xlws.FILTER( DRG_Status!$A$2:$A$100000, (DRG_Status!$E$2:$E$100000=S_Curve_Data!T3) * (DRG_Status!$B$2:$B$100000=S_Curve_Data!$T$1) )),0)/$U$1} -> 0 | X3: {=IFERROR(ROWS(_xlfn._xlws.FILTER( DRG_Status!$A$2:$A$100000, (DRG_Status!$F$2:$F$100000=S_Curve_Data!T3) * (DRG_Status!$B$2:$B$100000=S_Curve_Data!$T$1) )),0)/$U$1} -> 0 | AA3: 45658 | AB3: {=IFERROR(ROWS(_xlfn._xlws.FILTER( DRG_Status!$A$2:$A$100000, (DRG_Status!$G$2:$G$100000=S_Curve_Data!AA3) * (DRG_Status!$B$2:$B$100000=S_Curve_Data!$AA$1) )),0)/$AB$1} -> 0 | AC3: {=IFERROR(ROWS(_xlfn._xlws.FILTER( DRG_Status!$A$2:$A$100000, (DRG_Status!$H$2:$H$100000=S_Curve_Data!AA3) * (DRG_Status!$B$2:$B$100000=S_Curve_Data!$AA$1) )),0)/$AB$1} -> 0 | AD3: {=IFERROR(ROWS(_xlfn._xlws.FILTER( DRG_Status!$A$2:$A$100000, (DRG_Status!$I$2:$I$100000=S_Curve_Data!AA3) * (DRG_Status!$B$2:$B$100000=S_Curve_Data!$AA$1) )),0)/$AB$1} -> 0 | AE3: {=IFERROR(ROWS(_xlfn._xlws.FILTER( DRG_Status!$A$2:$A$100000, (DRG_Status!$J$2:$J$100000=S_Curve_Data!AA3) * (DRG_Status!$B$2:$B$100000=S_Curve_Data!$AA$1) )),0)/$AB$1} -> 0 | AH3: 45658 | AI3: {=IFERROR(ROWS(_xlfn._xlws.FILTER( DRG_Status!$A$2:$A$100000, (DRG_Status!$G$2:$G$100000=S_Curve_Data!AH3) * (DRG_Status!$B$2:$B$100000=S_Curve_Data!$AH$1) )),0)/$AI$1} -> 0 | AJ3: {=IFERROR(ROWS(_xlfn._xlws.FILTER( DRG_Status!$A$2:$A$100000, (DRG_Status!$H$2:$H$100000=S_Curve_Data!AH3) * (DRG_Status!$B$2:$B$100000=S_Curve_Data!$AH$1) )),0)/$AI$1} -> 0 | AK3: {=IFERROR(ROWS(_xlfn._xlws.FILTER( DRG_Status!$A$2:$A$100000, (DRG_Status!$I$2:$I$100000=S_Curve_Data!AH3) * (DRG_Status!$B$2:$B$100000=S_Curve_Data!$AH$1) )),0)/$AI$1} -> 0 | AL3: {=IFERROR(ROWS(_xlfn._xlws.FILTER( DRG_Status!$A$2:$A$100000, (DRG_Status!$J$2:$J$100000=S_Curve_Data!AH3) * (DRG_Status!$B$2:$B$100000=S_Curve_Data!$AH$1) )),0)/$AI$1} -> 0 | AO3: 45658 | AP3: {=IFERROR(ROWS(_xlfn._xlws.FILTER( DRG_Status!$A$2:$A$100000, (DRG_Status!$G$2:$G$100000=S_Curve_Data!AO3) * (DRG_Status!$B$2:$B$100000=S_Curve_Data!$AO$1) )),0)/$AP$1} -> 0 | AQ3: {=IFERROR(ROWS(_xlfn._xlws.FILTER( DRG_Status!$A$2:$A$100000, (DRG_Status!$H$2:$H$100000=S_Curve_Data!AO3) * (DRG_Status!$B$2:$B$100000=S_Curve_Data!$AO$1) )),0)/$AP$1} -> 0 | AR3: {=IFERROR(ROWS(_xlfn._xlws.FILTER( DRG_Status!$A$2:$A$100000, (DRG_Status!$I$2:$I$100000=S_Curve_Data!AO3) * (DRG_Status!$B$2:$B$100000=S_Curve_Data!$AO$1) )),0)/$AP$1} -> 0 | AS3: {=IFERROR(ROWS(_xlfn._xlws.FILTER( DRG_Status!$A$2:$A$100000, (DRG_Status!$J$2:$J$100000=S_Curve_Data!AO3) * (DRG_Status!$B$2:$B$100000=S_Curve_Data!$AO$1) )),0)/$AP$1} -> 0
F4: =Mappings!B3 -> 45670 | G4: {=IFERROR(ROWS(_xlfn._xlws.FILTER( DRG_Status!$A$2:$A$100000, (DRG_Status!$C$2:$C$100000=S_Curve_Data!F4) * (DRG_Status!$B$2:$B$100000=S_Curve_Data!$F$1) )),0)/$G$1} -> 0 | H4: {=IFERROR(ROWS(_xlfn._xlws.FILTER( DRG_Status!$A$2:$A$100000, (DRG_Status!$D$2:$D$100000=S_Curve_Data!F4) * (DRG_Status!$B$2:$B$100000=S_Curve_Data!$F$1) )),0)/$G$1} -> 0 | I4: {=IFERROR(ROWS(_xlfn._xlws.FILTER( DRG_Status!$A$2:$A$100000, (DRG_Status!$E$2:$E$100000=S_Curve_Data!F4) * (DRG_Status!$B$2:$B$100000=S_Curve_Data!$F$1) )),0)/$G$1} -> 0 | J4: {=IFERROR(ROWS(_xlfn._xlws.FILTER( DRG_Status!$A$2:$A$100000, (DRG_Status!$F$2:$F$100000=S_Curve_Data!F4) * (DRG_Status!$B$2:$B$100000=S_Curve_Data!$F$1) )),0)/$G$1} -> 0 | M4: =Mappings!B3 -> 45670 | N4: {=IFERROR(ROWS(_xlfn._xlws.FILTER( DRG_Status!$A$2:$A$100000, (DRG_Status!$C$2:$C$100000=S_Curve_Data!M4) * (DRG_Status!$B$2:$B$100000=S_Curve_Data!$M$1) )),0)/$N$1} -> 0 | O4: {=IFERROR(ROWS(_xlfn._xlws.FILTER( DRG_Status!$A$2:$A$100000, (DRG_Status!$D$2:$D$100000=S_Curve_Data!M4) * (DRG_Status!$B$2:$B$100000=S_Curve_Data!$M$1) )),0)/$N$1} -> 0 | P4: {=IFERROR(ROWS(_xlfn._xlws.FILTER( DRG_Status!$A$2:$A$100000, (DRG_Status!$E$2:$E$100000=S_Curve_Data!M4) * (DRG_Status!$B$2:$B$100000=S_Curve_Data!$M$1) )),0)/$N$1} -> 0 | Q4: {=IFERROR(ROWS(_xlfn._xlws.FILTER( DRG_Status!$A$2:$A$100000, (DRG_Status!$F$2:$F$100000=S_Curve_Data!M4) * (DRG_Status!$B$2:$B$100000=S_Curve_Data!$M$1) )),0)/$N$1} -> 0 | T4: =Mappings!B3 -> 45670 | U4: {=IFERROR(ROWS(_xlfn._xlws.FILTER( DRG_Status!$A$2:$A$100000, (DRG_Status!$C$2:$C$100000=S_Curve_Data!T4) * (DRG_Status!$B$2:$B$100000=S_Curve_Data!$T$1) )),0)/$U$1} -> 0 | V4: {=IFERROR(ROWS(_xlfn._xlws.FILTER( DRG_Status!$A$2:$A$100000, (DRG_Status!$D$2:$D$100000=S_Curve_Data!T4) * (DRG_Status!$B$2:$B$100000=S_Curve_Data!$T$1) )),0)/$U$1} -> 0 | W4: {=IFERROR(ROWS(_xlfn._xlws.FILTER( DRG_Status!$A$2:$A$100000, (DRG_Status!$E$2:$E$100000=S_Curve_Data!T4) * (DRG_Status!$B$2:$B$100000=S_Curve_Data!$T$1) )),0)/$U$1} -> 0 | X4: {=IFERROR(ROWS(_xlfn._xlws.FILTER( DRG_Status!$A$2:$A$100000, (DRG_Status!$F$2:$F$100000=S_Curve_Data!T4) * (DRG_Status!$B$2:$B$100000=S_Curve_Data!$T$1) )),0)/$U$1} -> 0 | AA4: 45689 | AB4: {=IFERROR(ROWS(_xlfn._xlws.FILTER( DRG_Status!$A$2:$A$100000, (DRG_Status!$G$2:$G$100000=S_Curve_Data!AA4) * (DRG_Status!$B$2:$B$100000=S_Curve_Data!$AA$1) )),0)/$AB$1} -> 0 | AC4: {=IFERROR(ROWS(_xlfn._xlws.FILTER( DRG_Status!$A$2:$A$100000, (DRG_Status!$H$2:$H$100000=S_Curve_Data!AA4) * (DRG_Status!$B$2:$B$100000=S_Curve_Data!$AA$1) )),0)/$AB$1} -> 0 | AD4: {=IFERROR(ROWS(_xlfn._xlws.FILTER( DRG_Status!$A$2:$A$100000, (DRG_Status!$I$2:$I$100000=S_Curve_Data!AA4) * (DRG_Status!$B$2:$B$100000=S_Curve_Data!$AA$1) )),0)/$AB$1} -> 0 | AE4: {=IFERROR(ROWS(_xlfn._xlws.FILTER( DRG_Status!$A$2:$A$100000, (DRG_Status!$J$2:$J$100000=S_Curve_Data!AA4) * (DRG_Status!$B$2:$B$100000=S_Curve_Data!$AA$1) )),0)/$AB$1} -> 0 | AH4: 45689 | AI4: {=IFERROR(ROWS(_xlfn._xlws.FILTER( DRG_Status!$A$2:$A$100000, (DRG_Status!$G$2:$G$100000=S_Curve_Data!AH4) * (DRG_Status!$B$2:$B$100000=S_Curve_Data!$AH$1) )),0)/$AI$1} -> 0 | AJ4: {=IFERROR(ROWS(_xlfn._xlws.FILTER( DRG_Status!$A$2:$A$100000, (DRG_Status!$H$2:$H$100000=S_Curve_Data!AH4) * (DRG_Status!$B$2:$B$100000=S_Curve_Data!$AH$1) )),0)/$AI$1} -> 0 | AK4: {=IFERROR(ROWS(_xlfn._xlws.FILTER( DRG_Status!$A$2:$A$100000, (DRG_Status!$I$2:$I$100000=S_Curve_Data!AH4) * (DRG_Status!$B$2:$B$100000=S_Curve_Data!$AH$1) )),0)/$AI$1} -> 0 | AL4: {=IFERROR(ROWS(_xlfn._xlws.FILTER( DRG_Status!$A$2:$A$100000, (DRG_Status!$J$2:$J$100000=S_Curve_Data!AH4) * (DRG_Status!$B$2:$B$100000=S_Curve_Data!$AH$1) )),0)/$AI$1} -> 0 | AO4: 45689 | AP4: {=IFERROR(ROWS(_xlfn._xlws.FILTER( DRG_Status!$A$2:$A$100000, (DRG_Status!$G$2:$G$100000=S_Curve_Data!AO4) * (DRG_Status!$B$2:$B$100000=S_Curve_Data!$AO$1) )),0)/$AP$1} -> 0 | AQ4: {=IFERROR(ROWS(_xlfn._xlws.FILTER( DRG_Status!$A$2:$A$100000, (DRG_Status!$H$2:$H$100000=S_Curve_Data!AO4) * (DRG_Status!$B$2:$B$100000=S_Curve_Data!$AO$1) )),0)/$AP$1} -> 0 | AR4: {=IFERROR(ROWS(_xlfn._xlws.FILTER( DRG_Status!$A$2:$A$100000, (DRG_Status!$I$2:$I$100000=S_Curve_Data!AO4) * (DRG_Status!$B$2:$B$100000=S_Curve_Data!$AO$1) )),0)/$AP$1} -> 0 | AS4: {=IFERROR(ROWS(_xlfn._xlws.FILTER( DRG_Status!$A$2:$A$100000, (DRG_Status!$J$2:$J$100000=S_Curve_Data!AO4) * (DRG_Status!$B$2:$B$100000=S_Curve_Data!$AO$1) )),0)/$AP$1} -> 0
F5: =Mappings!B4 -> 45677 | G5: {=IFERROR(ROWS(_xlfn._xlws.FILTER( DRG_Status!$A$2:$A$100000, (DRG_Status!$C$2:$C$100000=S_Curve_Data!F5) * (DRG_Status!$B$2:$B$100000=S_Curve_Data!$F$1) )),0)/$G$1} -> 0 | H5: {=IFERROR(ROWS(_xlfn._xlws.FILTER( DRG_Status!$A$2:$A$100000, (DRG_Status!$D$2:$D$100000=S_Curve_Data!F5) * (DRG_Status!$B$2:$B$100000=S_Curve_Data!$F$1) )),0)/$G$1} -> 0 | I5: {=IFERROR(ROWS(_xlfn._xlws.FILTER( DRG_Status!$A$2:$A$100000, (DRG_Status!$E$2:$E$100000=S_Curve_Data!F5) * (DRG_Status!$B$2:$B$100000=S_Curve_Data!$F$1) )),0)/$G$1} -> 0 | J5: {=IFERROR(ROWS(_xlfn._xlws.FILTER( DRG_Status!$A$2:$A$100000, (DRG_Status!$F$2:$F$100000=S_Curve_Data!F5) * (DRG_Status!$B$2:$B$100000=S_Curve_Data!$F$1) )),0)/$G$1} -> 0 | M5: =Mappings!B4 -> 45677 | N5: {=IFERROR(ROWS(_xlfn._xlws.FILTER( DRG_Status!$A$2:$A$100000, (DRG_Status!$C$2:$C$100000=S_Curve_Data!M5) * (DRG_Status!$B$2:$B$100000=S_Curve_Data!$M$1) )),0)/$N$1} -> 0 | O5: {=IFERROR(ROWS(_xlfn._xlws.FILTER( DRG_Status!$A$2:$A$100000, (DRG_Status!$D$2:$D$100000=S_Curve_Data!M5) * (DRG_Status!$B$2:$B$100000=S_Curve_Data!$M$1) )),0)/$N$1} -> 0 | P5: {=IFERROR(ROWS(_xlfn._xlws.FILTER( DRG_Status!$A$2:$A$100000, (DRG_Status!$E$2:$E$100000=S_Curve_Data!M5) * (DRG_Status!$B$2:$B$100000=S_Curve_Data!$M$1) )),0)/$N$1} -> 0 | Q5: {=IFERROR(ROWS(_xlfn._xlws.FILTER( DRG_Status!$A$2:$A$100000, (DRG_Status!$F$2:$F$100000=S_Curve_Data!M5) * (DRG_Status!$B$2:$B$100000=S_Curve_Data!$M$1) )),0)/$N$1} -> 0 | T5: =Mappings!B4 -> 45677 | U5: {=IFERROR(ROWS(_xlfn._xlws.FILTER( DRG_Status!$A$2:$A$100000, (DRG_Status!$C$2:$C$100000=S_Curve_Data!T5) * (DRG_Status!$B$2:$B$100000=S_Curve_Data!$T$1) )),0)/$U$1} -> 0 | V5: {=IFERROR(ROWS(_xlfn._xlws.FILTER( DRG_Status!$A$2:$A$100000, (DRG_Status!$D$2:$D$100000=S_Curve_Data!T5) * (DRG_Status!$B$2:$B$100000=S_Curve_Data!$T$1) )),0)/$U$1} -> 0 | W5: {=IFERROR(ROWS(_xlfn._xlws.FILTER( DRG_Status!$A$2:$A$100000, (DRG_Status!$E$2:$E$100000=S_Curve_Data!T5) * (DRG_Status!$B$2:$B$100000=S_Curve_Data!$T$1) )),0)/$U$1} -> 0 | X5: {=IFERROR(ROWS(_xlfn._xlws.FILTER( DRG_Status!$A$2:$A$100000, (DRG_Status!$F$2:$F$100000=S_Curve_Data!T5) * (DRG_Status!$B$2:$B$100000=S_Curve_Data!$T$1) )),0)/$U$1} -> 0 | AA5: 45717 | AB5: {=IFERROR(ROWS(_xlfn._xlws.FILTER( DRG_Status!$A$2:$A$100000, (DRG_Status!$G$2:$G$100000=S_Curve_Data!AA5) * (DRG_Status!$B$2:$B$100000=S_Curve_Data!$AA$1) )),0)/$AB$1} -> 0.20218579 | AC5: {=IFERROR(ROWS(_xlfn._xlws.FILTER( DRG_Status!$A$2:$A$100000, (DRG_Status!$H$2:$H$100000=S_Curve_Data!AA5) * (DRG_Status!$B$2:$B$100000=S_Curve_Data!$AA$1) )),0)/$AB$1} -> 0.14754098 | AD5: {=IFERROR(ROWS(_xlfn._xlws.FILTER( DRG_Status!$A$2:$A$100000, (DRG_Status!$I$2:$I$100000=S_Curve_Data!AA5) * (DRG_Status!$B$2:$B$100000=S_Curve_Data!$AA$1) )),0)/$AB$1} -> 0.081967213 | AE5: {=IFERROR(ROWS(_xlfn._xlws.FILTER( DRG_Status!$A$2:$A$100000, (DRG_Status!$J$2:$J$100000=S_Curve_Data!AA5) * (DRG_Status!$B$2:$B$100000=S_Curve_Data!$AA$1) )),0)/$AB$1} -> 0.081967213 | AH5: 45717 | AI5: {=IFERROR(ROWS(_xlfn._xlws.FILTER( DRG_Status!$A$2:$A$100000, (DRG_Status!$G$2:$G$100000=S_Curve_Data!AH5) * (DRG_Status!$B$2:$B$100000=S_Curve_Data!$AH$1) )),0)/$AI$1} -> 0.13821138 | AJ5: {=IFERROR(ROWS(_xlfn._xlws.FILTER( DRG_Status!$A$2:$A$100000, (DRG_Status!$H$2:$H$100000=S_Curve_Data!AH5) * (DRG_Status!$B$2:$B$100000=S_Curve_Data!$AH$1) )),0)/$AI$1} -> 0.14634146 | AK5: {=IFERROR(ROWS(_xlfn._xlws.FILTER( DRG_Status!$A$2:$A$100000, (DRG_Status!$I$2:$I$100000=S_Curve_Data!AH5) * (DRG_Status!$B$2:$B$100000=S_Curve_Data!$AH$1) )),0)/$AI$1} -> 0.13821138 | AL5: {=IFERROR(ROWS(_xlfn._xlws.FILTER( DRG_Status!$A$2:$A$100000, (DRG_Status!$J$2:$J$100000=S_Curve_Data!AH5) * (DRG_Status!$B$2:$B$100000=S_Curve_Data!$AH$1) )),0)/$AI$1} -> 0.13821138 | AO5: 45717 | AP5: {=IFERROR(ROWS(_xlfn._xlws.FILTER( DRG_Status!$A$2:$A$100000, (DRG_Status!$G$2:$G$100000=S_Curve_Data!AO5) * (DRG_Status!$B$2:$B$100000=S_Curve_Data!$AO$1) )),0)/$AP$1} -> 0.30084746 | AQ5: {=IFERROR(ROWS(_xlfn._xlws.FILTER( DRG_Status!$A$2:$A$100000, (DRG_Status!$H$2:$H$100000=S_Curve_Data!AO5) * (DRG_Status!$B$2:$B$100000=S_Curve_Data!$AO$1) )),0)/$AP$1} -> 0.093220339 | AR5: {=IFERROR(ROWS(_xlfn._xlws.FILTER( DRG_Status!$A$2:$A$100000, (DRG_Status!$I$2:$I$100000=S_Curve_Data!AO5) * (DRG_Status!$B$2:$B$100000=S_Curve_Data!$AO$1) )),0)/$AP$1} -> 0 | AS5: {=IFERROR(ROWS(_xlfn._xlws.FILTER( DRG_Status!$A$2:$A$100000, (DRG_Status!$J$2:$J$100000=S_Curve_Data!AO5) * (DRG_Status!$B$2:$B$100000=S_Curve_Data!$AO$1) )),0)/$AP$1} -> 0.0042372881
F6: =Mappings!B5 -> 45684 | G6: {=IFERROR(ROWS(_xlfn._xlws.FILTER( DRG_Status!$A$2:$A$100000, (DRG_Status!$C$2:$C$100000=S_Curve_Data!F6) * (DRG_Status!$B$2:$B$100000=S_Curve_Data!$F$1) )),0)/$G$1} -> 0 | H6: {=IFERROR(ROWS(_xlfn._xlws.FILTER( DRG_Status!$A$2:$A$100000, (DRG_Status!$D$2:$D$100000=S_Curve_Data!F6) * (DRG_Status!$B$2:$B$100000=S_Curve_Data!$F$1) )),0)/$G$1} -> 0 | I6: {=IFERROR(ROWS(_xlfn._xlws.FILTER( DRG_Status!$A$2:$A$100000, (DRG_Status!$E$2:$E$100000=S_Curve_Data!F6) * (DRG_Status!$B$2:$B$100000=S_Curve_Data!$F$1) )),0)/$G$1} -> 0 | J6: {=IFERROR(ROWS(_xlfn._xlws.FILTER( DRG_Status!$A$2:$A$100000, (DRG_Status!$F$2:$F$100000=S_Curve_Data!F6) * (DRG_Status!$B$2:$B$100000=S_Curve_Data!$F$1) )),0)/$G$1} -> 0 | M6: =Mappings!B5 -> 45684 | N6: {=IFERROR(ROWS(_xlfn._xlws.FILTER( DRG_Status!$A$2:$A$100000, (DRG_Status!$C$2:$C$100000=S_Curve_Data!M6) * (DRG_Status!$B$2:$B$100000=S_Curve_Data!$M$1) )),0)/$N$1} -> 0 | O6: {=IFERROR(ROWS(_xlfn._xlws.FILTER( DRG_Status!$A$2:$A$100000, (DRG_Status!$D$2:$D$100000=S_Curve_Data!M6) * (DRG_Status!$B$2:$B$100000=S_Curve_Data!$M$1) )),0)/$N$1} -> 0 | P6: {=IFERROR(ROWS(_xlfn._xlws.FILTER( DRG_Status!$A$2:$A$100000, (DRG_Status!$E$2:$E$100000=S_Curve_Data!M6) * (DRG_Status!$B$2:$B$100000=S_Curve_Data!$M$1) )),0)/$N$1} -> 0 | Q6: {=IFERROR(ROWS(_xlfn._xlws.FILTER( DRG_Status!$A$2:$A$100000, (DRG_Status!$F$2:$F$100000=S_Curve_Data!M6) * (DRG_Status!$B$2:$B$100000=S_Curve_Data!$M$1) )),0)/$N$1} -> 0 | T6: =Mappings!B5 -> 45684 | U6: {=IFERROR(ROWS(_xlfn._xlws.FILTER( DRG_Status!$A$2:$A$100000, (DRG_Status!$C$2:$C$100000=S_Curve_Data!T6) * (DRG_Status!$B$2:$B$100000=S_Curve_Data!$T$1) )),0)/$U$1} -> 0 | V6: {=IFERROR(ROWS(_xlfn._xlws.FILTER( DRG_Status!$A$2:$A$100000, (DRG_Status!$D$2:$D$100000=S_Curve_Data!T6) * (DRG_Status!$B$2:$B$100000=S_Curve_Data!$T$1) )),0)/$U$1} -> 0 | W6: {=IFERROR(ROWS(_xlfn._xlws.FILTER( DRG_Status!$A$2:$A$100000, (DRG_Status!$E$2:$E$100000=S_Curve_Data!T6) * (DRG_Status!$B$2:$B$100000=S_Curve_Data!$T$1) )),0)/$U$1} -> 0 | X6: {=IFERROR(ROWS(_xlfn._xlws.FILTER( DRG_Status!$A$2:$A$100000, (DRG_Status!$F$2:$F$100000=S_Curve_Data!T6) * (DRG_Status!$B$2:$B$100000=S_Curve_Data!$T$1) )),0)/$U$1} -> 0 | AA6: 45748 | AB6: {=IFERROR(ROWS(_xlfn._xlws.FILTER( DRG_Status!$A$2:$A$100000, (DRG_Status!$G$2:$G$100000=S_Curve_Data!AA6) * (DRG_Status!$B$2:$B$100000=S_Curve_Data!$AA$1) )),0)/$AB$1} -> 0.027322404 | AC6: {=IFERROR(ROWS(_xlfn._xlws.FILTER( DRG_Status!$A$2:$A$100000, (DRG_Status!$H$2:$H$100000=S_Curve_Data!AA6) * (DRG_Status!$B$2:$B$100000=S_Curve_Data!$AA$1) )),0)/$AB$1} -> 0.10928962 | AD6: {=IFERROR(ROWS(_xlfn._xlws.FILTER( DRG_Status!$A$2:$A$100000, (DRG_Status!$I$2:$I$100000=S_Curve_Data!AA6) * (DRG_Status!$B$2:$B$100000=S_Curve_Data!$AA$1) )),0)/$AB$1} -> 0.13114754 | AE6: {=IFERROR(ROWS(_xlfn._xlws.FILTER( DRG_Status!$A$2:$A$100000, (DRG_Status!$J$2:$J$100000=S_Curve_Data!AA6) * (DRG_Status!$B$2:$B$100000=S_Curve_Data!$AA$1) )),0)/$AB$1} -> 0.016393443 | AH6: 45748 | AI6: {=IFERROR(ROWS(_xlfn._xlws.FILTER( DRG_Status!$A$2:$A$100000, (DRG_Status!$G$2:$G$100000=S_Curve_Data!AH6) * (DRG_Status!$B$2:$B$100000=S_Curve_Data!$AH$1) )),0)/$AI$1} -> 0.11382114 | AJ6: {=IFERROR(ROWS(_xlfn._xlws.FILTER( DRG_Status!$A$2:$A$100000, (DRG_Status!$H$2:$H$100000=S_Curve_Data!AH6) * (DRG_Status!$B$2:$B$100000=S_Curve_Data!$AH$1) )),0)/$AI$1} -> 0.11382114 | AK6: {=IFERROR(ROWS(_xlfn._xlws.FILTER( DRG_Status!$A$2:$A$100000, (DRG_Status!$I$2:$I$100000=S_Curve_Data!AH6) * (DRG_Status!$B$2:$B$100000=S_Curve_Data!$AH$1) )),0)/$AI$1} -> 0 | AL6: {=IFERROR(ROWS(_xlfn._xlws.FILTER( DRG_Status!$A$2:$A$100000, (DRG_Status!$J$2:$J$100000=S_Curve_Data!AH6) * (DRG_Status!$B$2:$B$100000=S_Curve_Data!$AH$1) )),0)/$AI$1} -> 0 | AO6: 45748 | AP6: {=IFERROR(ROWS(_xlfn._xlws.FILTER( DRG_Status!$A$2:$A$100000, (DRG_Status!$G$2:$G$100000=S_Curve_Data!AO6) * (DRG_Status!$B$2:$B$100000=S_Curve_Data!$AO$1) )),0)/$AP$1} -> 0.012711864 | AQ6: {=IFERROR(ROWS(_xlfn._xlws.FILTER( DRG_Status!$A$2:$A$100000, (DRG_Status!$H$2:$H$100000=S_Curve_Data!AO6) * (DRG_Status!$B$2:$B$100000=S_Curve_Data!$AO$1) )),0)/$AP$1} -> 0.14830508 | AR6: {=IFERROR(ROWS(_xlfn._xlws.FILTER( DRG_Status!$A$2:$A$100000, (DRG_Status!$I$2:$I$100000=S_Curve_Data!AO6) * (DRG_Status!$B$2:$B$100000=S_Curve_Data!$AO$1) )),0)/$AP$1} -> 0.19915254 | AS6: {=IFERROR(ROWS(_xlfn._xlws.FILTER( DRG_Status!$A$2:$A$100000, (DRG_Status!$J$2:$J$100000=S_Curve_Data!AO6) * (DRG_Status!$B$2:$B$100000=S_Curve_Data!$AO$1) )),0)/$AP$1} -> 0.042372881
F7: =Mappings!B6 -> 45691 | G7: {=IFERROR(ROWS(_xlfn._xlws.FILTER( DRG_Status!$A$2:$A$100000, (DRG_Status!$C$2:$C$100000=S_Curve_Data!F7) * (DRG_Status!$B$2:$B$100000=S_Curve_Data!$F$1) )),0)/$G$1} -> 0 | H7: {=IFERROR(ROWS(_xlfn._xlws.FILTER( DRG_Status!$A$2:$A$100000, (DRG_Status!$D$2:$D$100000=S_Curve_Data!F7) * (DRG_Status!$B$2:$B$100000=S_Curve_Data!$F$1) )),0)/$G$1} -> 0 | I7: {=IFERROR(ROWS(_xlfn._xlws.FILTER( DRG_Status!$A$2:$A$100000, (DRG_Status!$E$2:$E$100000=S_Curve_Data!F7) * (DRG_Status!$B$2:$B$100000=S_Curve_Data!$F$1) )),0)/$G$1} -> 0 | J7: {=IFERROR(ROWS(_xlfn._xlws.FILTER( DRG_Status!$A$2:$A$100000, (DRG_Status!$F$2:$F$100000=S_Curve_Data!F7) * (DRG_Status!$B$2:$B$100000=S_Curve_Data!$F$1) )),0)/$G$1} -> 0 | M7: =Mappings!B6 -> 45691 | N7: {=IFERROR(ROWS(_xlfn._xlws.FILTER( DRG_Status!$A$2:$A$100000, (DRG_Status!$C$2:$C$100000=S_Curve_Data!M7) * (DRG_Status!$B$2:$B$100000=S_Curve_Data!$M$1) )),0)/$N$1} -> 0 | O7: {=IFERROR(ROWS(_xlfn._xlws.FILTER( DRG_Status!$A$2:$A$100000, (DRG_Status!$D$2:$D$100000=S_Curve_Data!M7) * (DRG_Status!$B$2:$B$100000=S_Curve_Data!$M$1) )),0)/$N$1} -> 0 | P7: {=IFERROR(ROWS(_xlfn._xlws.FILTER( DRG_Status!$A$2:$A$100000, (DRG_Status!$E$2:$E$100000=S_Curve_Data!M7) * (DRG_Status!$B$2:$B$100000=S_Curve_Data!$M$1) )),0)/$N$1} -> 0 | Q7: {=IFERROR(ROWS(_xlfn._xlws.FILTER( DRG_Status!$A$2:$A$100000, (DRG_Status!$F$2:$F$100000=S_Curve_Data!M7) * (DRG_Status!$B$2:$B$100000=S_Curve_Data!$M$1) )),0)/$N$1} -> 0 | T7: =Mappings!B6 -> 45691 | U7: {=IFERROR(ROWS(_xlfn._xlws.FILTER( DRG_Status!$A$2:$A$100000, (DRG_Status!$C$2:$C$100000=S_Curve_Data!T7) * (DRG_Status!$B$2:$B$100000=S_Curve_Data!$T$1) )),0)/$U$1} -> 0 | V7: {=IFERROR(ROWS(_xlfn._xlws.FILTER( DRG_Status!$A$2:$A$100000, (DRG_Status!$D$2:$D$100000=S_Curve_Data!T7) * (DRG_Status!$B$2:$B$100000=S_Curve_Data!$T$1) )),0)/$U$1} -> 0 | W7: {=IFERROR(ROWS(_xlfn._xlws.FILTER( DRG_Status!$A$2:$A$100000, (DRG_Status!$E$2:$E$100000=S_Curve_Data!T7) * (DRG_Status!$B$2:$B$100000=S_Curve_Data!$T$1) )),0)/$U$1} -> 0 | X7: {=IFERROR(ROWS(_xlfn._xlws.FILTER( DRG_Status!$A$2:$A$100000, (DRG_Status!$F$2:$F$100000=S_Curve_Data!T7) * (DRG_Status!$B$2:$B$100000=S_Curve_Data!$T$1) )),0)/$U$1} -> 0 | AA7: 45778 | AB7: {=IFERROR(ROWS(_xlfn._xlws.FILTER( DRG_Status!$A$2:$A$100000, (DRG_Status!$G$2:$G$100000=S_Curve_Data!AA7) * (DRG_Status!$B$2:$B$100000=S_Curve_Data!$AA$1) )),0)/$AB$1} -> 0.087431694 | AC7: {=IFERROR(ROWS(_xlfn._xlws.FILTER( DRG_Status!$A$2:$A$100000, (DRG_Status!$H$2:$H$100000=S_Curve_Data!AA7) * (DRG_Status!$B$2:$B$100000=S_Curve_Data!$AA$1) )),0)/$AB$1} -> 0.016393443 | AD7: {=IFERROR(ROWS(_xlfn._xlws.FILTER( DRG_Status!$A$2:$A$100000, (DRG_Status!$I$2:$I$100000=S_Curve_Data!AA7) * (DRG_Status!$B$2:$B$100000=S_Curve_Data!$AA$1) )),0)/$AB$1} -> 0.027322404 | AE7: {=IFERROR(ROWS(_xlfn._xlws.FILTER( DRG_Status!$A$2:$A$100000, (DRG_Status!$J$2:$J$100000=S_Curve_Data!AA7) * (DRG_Status!$B$2:$B$100000=S_Curve_Data!$AA$1) )),0)/$AB$1} -> 0.054644809 | AH7: 45778 | AI7: {=IFERROR(ROWS(_xlfn._xlws.FILTER( DRG_Status!$A$2:$A$100000, (DRG_Status!$G$2:$G$100000=S_Curve_Data!AH7) * (DRG_Status!$B$2:$B$100000=S_Curve_Data!$AH$1) )),0)/$AI$1} -> 0.16260163 | AJ7: {=IFERROR(ROWS(_xlfn._xlws.FILTER( DRG_Status!$A$2:$A$100000, (DRG_Status!$H$2:$H$100000=S_Curve_Data!AH7) * (DRG_Status!$B$2:$B$100000=S_Curve_Data!$AH$1) )),0)/$AI$1} -> 0.06504065 | AK7: {=IFERROR(ROWS(_xlfn._xlws.FILTER( DRG_Status!$A$2:$A$100000, (DRG_Status!$I$2:$I$100000=S_Curve_Data!AH7) * (DRG_Status!$B$2:$B$100000=S_Curve_Data!$AH$1) )),0)/$AI$1} -> 0.11382114 | AL7: {=IFERROR(ROWS(_xlfn._xlws.FILTER( DRG_Status!$A$2:$A$100000, (DRG_Status!$J$2:$J$100000=S_Curve_Data!AH7) * (DRG_Status!$B$2:$B$100000=S_Curve_Data!$AH$1) )),0)/$AI$1} -> 0.016260163 | AO7: 45778 | AP7: {=IFERROR(ROWS(_xlfn._xlws.FILTER( DRG_Status!$A$2:$A$100000, (DRG_Status!$G$2:$G$100000=S_Curve_Data!AO7) * (DRG_Status!$B$2:$B$100000=S_Curve_Data!$AO$1) )),0)/$AP$1} -> 0.11864407 | AQ7: {=IFERROR(ROWS(_xlfn._xlws.FILTER( DRG_Status!$A$2:$A$100000, (DRG_Status!$H$2:$H$100000=S_Curve_Data!AO7) * (DRG_Status!$B$2:$B$100000=S_Curve_Data!$AO$1) )),0)/$AP$1} -> 0.059322034 | AR7: {=IFERROR(ROWS(_xlfn._xlws.FILTER( DRG_Status!$A$2:$A$100000, (DRG_Status!$I$2:$I$100000=S_Curve_Data!AO7) * (DRG_Status!$B$2:$B$100000=S_Curve_Data!$AO$1) )),0)/$AP$1} -> 0.06779661 | AS7: {=IFERROR(ROWS(_xlfn._xlws.FILTER( DRG_Status!$A$2:$A$100000, (DRG_Status!$J$2:$J$100000=S_Curve_Data!AO7) * (DRG_Status!$B$2:$B$100000=S_Curve_Data!$AO$1) )),0)/$AP$1} -> 0.080508475
F8: =Mappings!B7 -> 45698 | G8: {=IFERROR(ROWS(_xlfn._xlws.FILTER( DRG_Status!$A$2:$A$100000, (DRG_Status!$C$2:$C$100000=S_Curve_Data!F8) * (DRG_Status!$B$2:$B$100000=S_Curve_Data!$F$1) )),0)/$G$1} -> 0 | H8: {=IFERROR(ROWS(_xlfn._xlws.FILTER( DRG_Status!$A$2:$A$100000, (DRG_Status!$D$2:$D$100000=S_Curve_Data!F8) * (DRG_Status!$B$2:$B$100000=S_Curve_Data!$F$1) )),0)/$G$1} -> 0 | I8: {=IFERROR(ROWS(_xlfn._xlws.FILTER( DRG_Status!$A$2:$A$100000, (DRG_Status!$E$2:$E$100000=S_Curve_Data!F8) * (DRG_Status!$B$2:$B$100000=S_Curve_Data!$F$1) )),0)/$G$1} -> 0 | J8: {=IFERROR(ROWS(_xlfn._xlws.FILTER( DRG_Status!$A$2:$A$100000, (DRG_Status!$F$2:$F$100000=S_Curve_Data!F8) * (DRG_Status!$B$2:$B$100000=S_Curve_Data!$F$1) )),0)/$G$1} -> 0 | M8: =Mappings!B7 -> 45698 | N8: {=IFERROR(ROWS(_xlfn._xlws.FILTER( DRG_Status!$A$2:$A$100000, (DRG_Status!$C$2:$C$100000=S_Curve_Data!M8) * (DRG_Status!$B$2:$B$100000=S_Curve_Data!$M$1) )),0)/$N$1} -> 0 | O8: {=IFERROR(ROWS(_xlfn._xlws.FILTER( DRG_Status!$A$2:$A$100000, (DRG_Status!$D$2:$D$100000=S_Curve_Data!M8) * (DRG_Status!$B$2:$B$100000=S_Curve_Data!$M$1) )),0)/$N$1} -> 0 | P8: {=IFERROR(ROWS(_xlfn._xlws.FILTER( DRG_Status!$A$2:$A$100000, (DRG_Status!$E$2:$E$100000=S_Curve_Data!M8) * (DRG_Status!$B$2:$B$100000=S_Curve_Data!$M$1) )),0)/$N$1} -> 0 | Q8: {=IFERROR(ROWS(_xlfn._xlws.FILTER( DRG_Status!$A$2:$A$100000, (DRG_Status!$F$2:$F$100000=S_Curve_Data!M8) * (DRG_Status!$B$2:$B$100000=S_Curve_Data!$M$1) )),0)/$N$1} -> 0 | T8: =Mappings!B7 -> 45698 | U8: {=IFERROR(ROWS(_xlfn._xlws.FILTER( DRG_Status!$A$2:$A$100000, (DRG_Status!$C$2:$C$100000=S_Curve_Data!T8) * (DRG_Status!$B$2:$B$100000=S_Curve_Data!$T$1) )),0)/$U$1} -> 0 | V8: {=IFERROR(ROWS(_xlfn._xlws.FILTER( DRG_Status!$A$2:$A$100000, (DRG_Status!$D$2:$D$100000=S_Curve_Data!T8) * (DRG_Status!$B$2:$B$100000=S_Curve_Data!$T$1) )),0)/$U$1} -> 0 | W8: {=IFERROR(ROWS(_xlfn._xlws.FILTER( DRG_Status!$A$2:$A$100000, (DRG_Status!$E$2:$E$100000=S_Curve_Data!T8) * (DRG_Status!$B$2:$B$100000=S_Curve_Data!$T$1) )),0)/$U$1} -> 0 | X8: {=IFERROR(ROWS(_xlfn._xlws.FILTER( DRG_Status!$A$2:$A$100000, (DRG_Status!$F$2:$F$100000=S_Curve_Data!T8) * (DRG_Status!$B$2:$B$100000=S_Curve_Data!$T$1) )),0)/$U$1} -> 0 | AA8: 45809 | AB8: {=IFERROR(ROWS(_xlfn._xlws.FILTER( DRG_Status!$A$2:$A$100000, (DRG_Status!$G$2:$G$100000=S_Curve_Data!AA8) * (DRG_Status!$B$2:$B$100000=S_Curve_Data!$AA$1) )),0)/$AB$1} -> 0.1420765 | AC8: {=IFERROR(ROWS(_xlfn._xlws.FILTER( DRG_Status!$A$2:$A$100000, (DRG_Status!$H$2:$H$100000=S_Curve_Data!AA8) * (DRG_Status!$B$2:$B$100000=S_Curve_Data!$AA$1) )),0)/$AB$1} -> 0.071038251 | AD8: {=IFERROR(ROWS(_xlfn._xlws.FILTER( DRG_Status!$A$2:$A$100000, (DRG_Status!$I$2:$I$100000=S_Curve_Data!AA8) * (DRG_Status!$B$2:$B$100000=S_Curve_Data!$AA$1) )),0)/$AB$1} -> 0.087431694 | AE8: {=IFERROR(ROWS(_xlfn._xlws.FILTER( DRG_Status!$A$2:$A$100000, (DRG_Status!$J$2:$J$100000=S_Curve_Data!AA8) * (DRG_Status!$B$2:$B$100000=S_Curve_Data!$AA$1) )),0)/$AB$1} -> 0.076502732 | AH8: 45809 | AI8: {=IFERROR(ROWS(_xlfn._xlws.FILTER( DRG_Status!$A$2:$A$100000, (DRG_Status!$G$2:$G$100000=S_Curve_Data!AH8) * (DRG_Status!$B$2:$B$100000=S_Curve_Data!$AH$1) )),0)/$AI$1} -> 0.024390244 | AJ8: {=IFERROR(ROWS(_xlfn._xlws.FILTER( DRG_Status!$A$2:$A$100000, (DRG_Status!$H$2:$H$100000=S_Curve_Data!AH8) * (DRG_Status!$B$2:$B$100000=S_Curve_Data!$AH$1) )),0)/$AI$1} -> 0.097560976 | AK8: {=IFERROR(ROWS(_xlfn._xlws.FILTER( DRG_Status!$A$2:$A$100000, (DRG_Status!$I$2:$I$100000=S_Curve_Data!AH8) * (DRG_Status!$B$2:$B$100000=S_Curve_Data!$AH$1) )),0)/$AI$1} -> 0.16260163 | AL8: {=IFERROR(ROWS(_xlfn._xlws.FILTER( DRG_Status!$A$2:$A$100000, (DRG_Status!$J$2:$J$100000=S_Curve_Data!AH8) * (DRG_Status!$B$2:$B$100000=S_Curve_Data!$AH$1) )),0)/$AI$1} -> 0 | AO8: 45809 | AP8: {=IFERROR(ROWS(_xlfn._xlws.FILTER( DRG_Status!$A$2:$A$100000, (DRG_Status!$G$2:$G$100000=S_Curve_Data!AO8) * (DRG_Status!$B$2:$B$100000=S_Curve_Data!$AO$1) )),0)/$AP$1} -> 0.19915254 | AQ8: {=IFERROR(ROWS(_xlfn._xlws.FILTER( DRG_Status!$A$2:$A$100000, (DRG_Status!$H$2:$H$100000=S_Curve_Data!AO8) * (DRG_Status!$B$2:$B$100000=S_Curve_Data!$AO$1) )),0)/$AP$1} -> 0.055084746 | AR8: {=IFERROR(ROWS(_xlfn._xlws.FILTER( DRG_Status!$A$2:$A$100000, (DRG_Status!$I$2:$I$100000=S_Curve_Data!AO8) * (DRG_Status!$B$2:$B$100000=S_Curve_Data!$AO$1) )),0)/$AP$1} -> 0.15254237 | AS8: {=IFERROR(ROWS(_xlfn._xlws.FILTER( DRG_Status!$A$2:$A$100000, (DRG_Status!$J$2:$J$100000=S_Curve_Data!AO8) * (DRG_Status!$B$2:$B$100000=S_Curve_Data!$AO$1) )),0)/$AP$1} -> 0.11864407
F9: =Mappings!B8 -> 45705 | G9: {=IFERROR(ROWS(_xlfn._xlws.FILTER( DRG_Status!$A$2:$A$100000, (DRG_Status!$C$2:$C$100000=S_Curve_Data!F9) * (DRG_Status!$B$2:$B$100000=S_Curve_Data!$F$1) )),0)/$G$1} -> 0 | H9: {=IFERROR(ROWS(_xlfn._xlws.FILTER( DRG_Status!$A$2:$A$100000, (DRG_Status!$D$2:$D$100000=S_Curve_Data!F9) * (DRG_Status!$B$2:$B$100000=S_Curve_Data!$F$1) )),0)/$G$1} -> 0 | I9: {=IFERROR(ROWS(_xlfn._xlws.FILTER( DRG_Status!$A$2:$A$100000, (DRG_Status!$E$2:$E$100000=S_Curve_Data!F9) * (DRG_Status!$B$2:$B$100000=S_Curve_Data!$F$1) )),0)/$G$1} -> 0 | J9: {=IFERROR(ROWS(_xlfn._xlws.FILTER( DRG_Status!$A$2:$A$100000, (DRG_Status!$F$2:$F$100000=S_Curve_Data!F9) * (DRG_Status!$B$2:$B$100000=S_Curve_Data!$F$1) )),0)/$G$1} -> 0 | M9: =Mappings!B8 -> 45705 | N9: {=IFERROR(ROWS(_xlfn._xlws.FILTER( DRG_Status!$A$2:$A$100000, (DRG_Status!$C$2:$C$100000=S_Curve_Data!M9) * (DRG_Status!$B$2:$B$100000=S_Curve_Data!$M$1) )),0)/$N$1} -> 0 | O9: {=IFERROR(ROWS(_xlfn._xlws.FILTER( DRG_Status!$A$2:$A$100000, (DRG_Status!$D$2:$D$100000=S_Curve_Data!M9) * (DRG_Status!$B$2:$B$100000=S_Curve_Data!$M$1) )),0)/$N$1} -> 0 | P9: {=IFERROR(ROWS(_xlfn._xlws.FILTER( DRG_Status!$A$2:$A$100000, (DRG_Status!$E$2:$E$100000=S_Curve_Data!M9) * (DRG_Status!$B$2:$B$100000=S_Curve_Data!$M$1) )),0)/$N$1} -> 0 | Q9: {=IFERROR(ROWS(_xlfn._xlws.FILTER( DRG_Status!$A$2:$A$100000, (DRG_Status!$F$2:$F$100000=S_Curve_Data!M9) * (DRG_Status!$B$2:$B$100000=S_Curve_Data!$M$1) )),0)/$N$1} -> 0 | T9: =Mappings!B8 -> 45705 | U9: {=IFERROR(ROWS(_xlfn._xlws.FILTER( DRG_Status!$A$2:$A$100000, (DRG_Status!$C$2:$C$100000=S_Curve_Data!T9) * (DRG_Status!$B$2:$B$100000=S_Curve_Data!$T$1) )),0)/$U$1} -> 0 | V9: {=IFERROR(ROWS(_xlfn._xlws.FILTER( DRG_Status!$A$2:$A$100000, (DRG_Status!$D$2:$D$100000=S_Curve_Data!T9) * (DRG_Status!$B$2:$B$100000=S_Curve_Data!$T$1) )),0)/$U$1} -> 0 | W9: {=IFERROR(ROWS(_xlfn._xlws.FILTER( DRG_Status!$A$2:$A$100000, (DRG_Status!$E$2:$E$100000=S_Curve_Data!T9) * (DRG_Status!$B$2:$B$100000=S_Curve_Data!$T$1) )),0)/$U$1} -> 0 | X9: {=IFERROR(ROWS(_xlfn._xlws.FILTER( DRG_Status!$A$2:$A$100000, (DRG_Status!$F$2:$F$100000=S_Curve_Data!T9) * (DRG_Status!$B$2:$B$100000=S_Curve_Data!$T$1) )),0)/$U$1} -> 0 | AA9: 45839 | AB9: {=IFERROR(ROWS(_xlfn._xlws.FILTER( DRG_Status!$A$2:$A$100000, (DRG_Status!$G$2:$G$100000=S_Curve_Data!AA9) * (DRG_Status!$B$2:$B$100000=S_Curve_Data!$AA$1) )),0)/$AB$1} -> 0.1147541 | AC9: {=IFERROR(ROWS(_xlfn._xlws.FILTER( DRG_Status!$A$2:$A$100000, (DRG_Status!$H$2:$H$100000=S_Curve_Data!AA9) * (DRG_Status!$B$2:$B$100000=S_Curve_Data!$AA$1) )),0)/$AB$1} -> 0.10928962 | AD9: {=IFERROR(ROWS(_xlfn._xlws.FILTER( DRG_Status!$A$2:$A$100000, (DRG_Status!$I$2:$I$100000=S_Curve_Data!AA9) * (DRG_Status!$B$2:$B$100000=S_Curve_Data!$AA$1) )),0)/$AB$1} -> 0.14754098 | AE9: {=IFERROR(ROWS(_xlfn._xlws.FILTER( DRG_Status!$A$2:$A$100000, (DRG_Status!$J$2:$J$100000=S_Curve_Data!AA9) * (DRG_Status!$B$2:$B$100000=S_Curve_Data!$AA$1) )),0)/$AB$1} -> 0.043715847 | AH9: 45839 | AI9: {=IFERROR(ROWS(_xlfn._xlws.FILTER( DRG_Status!$A$2:$A$100000, (DRG_Status!$G$2:$G$100000=S_Curve_Data!AH9) * (DRG_Status!$B$2:$B$100000=S_Curve_Data!$AH$1) )),0)/$AI$1} -> 0 | AJ9: {=IFERROR(ROWS(_xlfn._xlws.FILTER( DRG_Status!$A$2:$A$100000, (DRG_Status!$H$2:$H$100000=S_Curve_Data!AH9) * (DRG_Status!$B$2:$B$100000=S_Curve_Data!$AH$1) )),0)/$AI$1} -> 0.032520325 | AK9: {=IFERROR(ROWS(_xlfn._xlws.FILTER( DRG_Status!$A$2:$A$100000, (DRG_Status!$I$2:$I$100000=S_Curve_Data!AH9) * (DRG_Status!$B$2:$B$100000=S_Curve_Data!$AH$1) )),0)/$AI$1} -> 0.024390244 | AL9: {=IFERROR(ROWS(_xlfn._xlws.FILTER( DRG_Status!$A$2:$A$100000, (DRG_Status!$J$2:$J$100000=S_Curve_Data!AH9) * (DRG_Status!$B$2:$B$100000=S_Curve_Data!$AH$1) )),0)/$AI$1} -> 0.06504065 | AO9: 45839 | AP9: {=IFERROR(ROWS(_xlfn._xlws.FILTER( DRG_Status!$A$2:$A$100000, (DRG_Status!$G$2:$G$100000=S_Curve_Data!AO9) * (DRG_Status!$B$2:$B$100000=S_Curve_Data!$AO$1) )),0)/$AP$1} -> 0.11016949 | AQ9: {=IFERROR(ROWS(_xlfn._xlws.FILTER( DRG_Status!$A$2:$A$100000, (DRG_Status!$H$2:$H$100000=S_Curve_Data!AO9) * (DRG_Status!$B$2:$B$100000=S_Curve_Data!$AO$1) )),0)/$AP$1} -> 0.12711864 | AR9: {=IFERROR(ROWS(_xlfn._xlws.FILTER( DRG_Status!$A$2:$A$100000, (DRG_Status!$I$2:$I$100000=S_Curve_Data!AO9) * (DRG_Status!$B$2:$B$100000=S_Curve_Data!$AO$1) )),0)/$AP$1} -> 0.17372881 | AS9: {=IFERROR(ROWS(_xlfn._xlws.FILTER( DRG_Status!$A$2:$A$100000, (DRG_Status!$J$2:$J$100000=S_Curve_Data!AO9) * (DRG_Status!$B$2:$B$100000=S_Curve_Data!$AO$1) )),0)/$AP$1} -> 0.059322034
F10: =Mappings!B9 -> 45712 | G10: {=IFERROR(ROWS(_xlfn._xlws.FILTER( DRG_Status!$A$2:$A$100000, (DRG_Status!$C$2:$C$100000=S_Curve_Data!F10) * (DRG_Status!$B$2:$B$100000=S_Curve_Data!$F$1) )),0)/$G$1} -> 0 | H10: {=IFERROR(ROWS(_xlfn._xlws.FILTER( DRG_Status!$A$2:$A$100000, (DRG_Status!$D$2:$D$100000=S_Curve_Data!F10) * (DRG_Status!$B$2:$B$100000=S_Curve_Data!$F$1) )),0)/$G$1} -> 0 | I10: {=IFERROR(ROWS(_xlfn._xlws.FILTER( DRG_Status!$A$2:$A$100000, (DRG_Status!$E$2:$E$100000=S_Curve_Data!F10) * (DRG_Status!$B$2:$B$100000=S_Curve_Data!$F$1) )),0)/$G$1} -> 0 | J10: {=IFERROR(ROWS(_xlfn._xlws.FILTER( DRG_Status!$A$2:$A$100000, (DRG_Status!$F$2:$F$100000=S_Curve_Data!F10) * (DRG_Status!$B$2:$B$100000=S_Curve_Data!$F$1) )),0)/$G$1} -> 0 | M10: =Mappings!B9 -> 45712 | N10: {=IFERROR(ROWS(_xlfn._xlws.FILTER( DRG_Status!$A$2:$A$100000, (DRG_Status!$C$2:$C$100000=S_Curve_Data!M10) * (DRG_Status!$B$2:$B$100000=S_Curve_Data!$M$1) )),0)/$N$1} -> 0 | O10: {=IFERROR(ROWS(_xlfn._xlws.FILTER( DRG_Status!$A$2:$A$100000, (DRG_Status!$D$2:$D$100000=S_Curve_Data!M10) * (DRG_Status!$B$2:$B$100000=S_Curve_Data!$M$1) )),0)/$N$1} -> 0 | P10: {=IFERROR(ROWS(_xlfn._xlws.FILTER( DRG_Status!$A$2:$A$100000, (DRG_Status!$E$2:$E$100000=S_Curve_Data!M10) * (DRG_Status!$B$2:$B$100000=S_Curve_Data!$M$1) )),0)/$N$1} -> 0 | Q10: {=IFERROR(ROWS(_xlfn._xlws.FILTER( DRG_Status!$A$2:$A$100000, (DRG_Status!$F$2:$F$100000=S_Curve_Data!M10) * (DRG_Status!$B$2:$B$100000=S_Curve_Data!$M$1) )),0)/$N$1} -> 0 | T10: =Mappings!B9 -> 45712 | U10: {=IFERROR(ROWS(_xlfn._xlws.FILTER( DRG_Status!$A$2:$A$100000, (DRG_Status!$C$2:$C$100000=S_Curve_Data!T10) * (DRG_Status!$B$2:$B$100000=S_Curve_Data!$T$1) )),0)/$U$1} -> 0 | V10: {=IFERROR(ROWS(_xlfn._xlws.FILTER( DRG_Status!$A$2:$A$100000, (DRG_Status!$D$2:$D$100000=S_Curve_Data!T10) * (DRG_Status!$B$2:$B$100000=S_Curve_Data!$T$1) )),0)/$U$1} -> 0 | W10: {=IFERROR(ROWS(_xlfn._xlws.FILTER( DRG_Status!$A$2:$A$100000, (DRG_Status!$E$2:$E$100000=S_Curve_Data!T10) * (DRG_Status!$B$2:$B$100000=S_Curve_Data!$T$1) )),0)/$U$1} -> 0 | X10: {=IFERROR(ROWS(_xlfn._xlws.FILTER( DRG_Status!$A$2:$A$100000, (DRG_Status!$F$2:$F$100000=S_Curve_Data!T10) * (DRG_Status!$B$2:$B$100000=S_Curve_Data!$T$1) )),0)/$U$1} -> 0 | AA10: 45870 | AB10: {=IFERROR(ROWS(_xlfn._xlws.FILTER( DRG_Status!$A$2:$A$100000, (DRG_Status!$G$2:$G$100000=S_Curve_Data!AA10) * (DRG_Status!$B$2:$B$100000=S_Curve_Data!$AA$1) )),0)/$AB$1} -> 0 | AC10: {=IFERROR(ROWS(_xlfn._xlws.FILTER( DRG_Status!$A$2:$A$100000, (DRG_Status!$H$2:$H$100000=S_Curve_Data!AA10) * (DRG_Status!$B$2:$B$100000=S_Curve_Data!$AA$1) )),0)/$AB$1} -> 0.10928962 | AD10: {=IFERROR(ROWS(_xlfn._xlws.FILTER( DRG_Status!$A$2:$A$100000, (DRG_Status!$I$2:$I$100000=S_Curve_Data!AA10) * (DRG_Status!$B$2:$B$100000=S_Curve_Data!$AA$1) )),0)/$AB$1} -> 0.13114754 | AE10: {=IFERROR(ROWS(_xlfn._xlws.FILTER( DRG_Status!$A$2:$A$100000, (DRG_Status!$J$2:$J$100000=S_Curve_Data!AA10) * (DRG_Status!$B$2:$B$100000=S_Curve_Data!$AA$1) )),0)/$AB$1} -> 0.032786885 | AH10: 45870 | AI10: {=IFERROR(ROWS(_xlfn._xlws.FILTER( DRG_Status!$A$2:$A$100000, (DRG_Status!$G$2:$G$100000=S_Curve_Data!AH10) * (DRG_Status!$B$2:$B$100000=S_Curve_Data!$AH$1) )),0)/$AI$1} -> 0.0081300813 | AJ10: {=IFERROR(ROWS(_xlfn._xlws.FILTER( DRG_Status!$A$2:$A$100000, (DRG_Status!$H$2:$H$100000=S_Curve_Data!AH10) * (DRG_Status!$B$2:$B$100000=S_Curve_Data!$AH$1) )),0)/$AI$1} -> 0.016260163 | AK10: {=IFERROR(ROWS(_xlfn._xlws.FILTER( DRG_Status!$A$2:$A$100000, (DRG_Status!$I$2:$I$100000=S_Curve_Data!AH10) * (DRG_Status!$B$2:$B$100000=S_Curve_Data!$AH$1) )),0)/$AI$1} -> 0.0081300813 | AL10: {=IFERROR(ROWS(_xlfn._xlws.FILTER( DRG_Status!$A$2:$A$100000, (DRG_Status!$J$2:$J$100000=S_Curve_Data!AH10) * (DRG_Status!$B$2:$B$100000=S_Curve_Data!$AH$1) )),0)/$AI$1} -> 0.016260163 | AO10: 45870 | AP10: {=IFERROR(ROWS(_xlfn._xlws.FILTER( DRG_Status!$A$2:$A$100000, (DRG_Status!$G$2:$G$100000=S_Curve_Data!AO10) * (DRG_Status!$B$2:$B$100000=S_Curve_Data!$AO$1) )),0)/$AP$1} -> 0 | AQ10: {=IFERROR(ROWS(_xlfn._xlws.FILTER( DRG_Status!$A$2:$A$100000, (DRG_Status!$H$2:$H$100000=S_Curve_Data!AO10) * (DRG_Status!$B$2:$B$100000=S_Curve_Data!$AO$1) )),0)/$AP$1} -> 0.13135593 | AR10: {=IFERROR(ROWS(_xlfn._xlws.FILTER( DRG_Status!$A$2:$A$100000, (DRG_Status!$I$2:$I$100000=S_Curve_Data!AO10) * (DRG_Status!$B$2:$B$100000=S_Curve_Data!$AO$1) )),0)/$AP$1} -> 0.21610169 | AS10: {=IFERROR(ROWS(_xlfn._xlws.FILTER( DRG_Status!$A$2:$A$100000, (DRG_Status!$J$2:$J$100000=S_Curve_Data!AO10) * (DRG_Status!$B$2:$B$100000=S_Curve_Data!$AO$1) )),0)/$AP$1} -> 0.012711864
F11: =Mappings!B10 -> 45719 | G11: {=IFERROR(ROWS(_xlfn._xlws.FILTER( DRG_Status!$A$2:$A$100000, (DRG_Status!$C$2:$C$100000=S_Curve_Data!F11) * (DRG_Status!$B$2:$B$100000=S_Curve_Data!$F$1) )),0)/$G$1} -> 0.076502732 | H11: {=IFERROR(ROWS(_xlfn._xlws.FILTER( DRG_Status!$A$2:$A$100000, (DRG_Status!$D$2:$D$100000=S_Curve_Data!F11) * (DRG_Status!$B$2:$B$100000=S_Curve_Data!$F$1) )),0)/$G$1} -> 0.081967213 | I11: {=IFERROR(ROWS(_xlfn._xlws.FILTER( DRG_Status!$A$2:$A$100000, (DRG_Status!$E$2:$E$100000=S_Curve_Data!F11) * (DRG_Status!$B$2:$B$100000=S_Curve_Data!$F$1) )),0)/$G$1} -> 0 | J11: {=IFERROR(ROWS(_xlfn._xlws.FILTER( DRG_Status!$A$2:$A$100000, (DRG_Status!$F$2:$F$100000=S_Curve_Data!F11) * (DRG_Status!$B$2:$B$100000=S_Curve_Data!$F$1) )),0)/$G$1} -> 0 | M11: =Mappings!B10 -> 45719 | N11: {=IFERROR(ROWS(_xlfn._xlws.FILTER( DRG_Status!$A$2:$A$100000, (DRG_Status!$C$2:$C$100000=S_Curve_Data!M11) * (DRG_Status!$B$2:$B$100000=S_Curve_Data!$M$1) )),0)/$N$1} -> 0.13821138 | O11: {=IFERROR(ROWS(_xlfn._xlws.FILTER( DRG_Status!$A$2:$A$100000, (DRG_Status!$D$2:$D$100000=S_Curve_Data!M11) * (DRG_Status!$B$2:$B$100000=S_Curve_Data!$M$1) )),0)/$N$1} -> 0.13821138 | P11: {=IFERROR(ROWS(_xlfn._xlws.FILTER( DRG_Status!$A$2:$A$100000, (DRG_Status!$E$2:$E$100000=S_Curve_Data!M11) * (DRG_Status!$B$2:$B$100000=S_Curve_Data!$M$1) )),0)/$N$1} -> 0 | Q11: {=IFERROR(ROWS(_xlfn._xlws.FILTER( DRG_Status!$A$2:$A$100000, (DRG_Status!$F$2:$F$100000=S_Curve_Data!M11) * (DRG_Status!$B$2:$B$100000=S_Curve_Data!$M$1) )),0)/$N$1} -> 0 | T11: =Mappings!B10 -> 45719 | U11: {=IFERROR(ROWS(_xlfn._xlws.FILTER( DRG_Status!$A$2:$A$100000, (DRG_Status!$C$2:$C$100000=S_Curve_Data!T11) * (DRG_Status!$B$2:$B$100000=S_Curve_Data!$T$1) )),0)/$U$1} -> 0 | V11: {=IFERROR(ROWS(_xlfn._xlws.FILTER( DRG_Status!$A$2:$A$100000, (DRG_Status!$D$2:$D$100000=S_Curve_Data!T11) * (DRG_Status!$B$2:$B$100000=S_Curve_Data!$T$1) )),0)/$U$1} -> 0 | W11: {=IFERROR(ROWS(_xlfn._xlws.FILTER( DRG_Status!$A$2:$A$100000, (DRG_Status!$E$2:$E$100000=S_Curve_Data!T11) * (DRG_Status!$B$2:$B$100000=S_Curve_Data!$T$1) )),0)/$U$1} -> 0 | X11: {=IFERROR(ROWS(_xlfn._xlws.FILTER( DRG_Status!$A$2:$A$100000, (DRG_Status!$F$2:$F$100000=S_Curve_Data!T11) * (DRG_Status!$B$2:$B$100000=S_Curve_Data!$T$1) )),0)/$U$1} -> 0 | AA11: 45901 | AB11: {=IFERROR(ROWS(_xlfn._xlws.FILTER( DRG_Status!$A$2:$A$100000, (DRG_Status!$G$2:$G$100000=S_Curve_Data!AA11) * (DRG_Status!$B$2:$B$100000=S_Curve_Data!$AA$1) )),0)/$AB$1} -> 0 | AC11: {=IFERROR(ROWS(_xlfn._xlws.FILTER( DRG_Status!$A$2:$A$100000, (DRG_Status!$H$2:$H$100000=S_Curve_Data!AA11) * (DRG_Status!$B$2:$B$100000=S_Curve_Data!$AA$1) )),0)/$AB$1} -> 0.038251366 | AD11: {=IFERROR(ROWS(_xlfn._xlws.FILTER( DRG_Status!$A$2:$A$100000, (DRG_Status!$I$2:$I$100000=S_Curve_Data!AA11) * (DRG_Status!$B$2:$B$100000=S_Curve_Data!$AA$1) )),0)/$AB$1} -> 0 | AE11: {=IFERROR(ROWS(_xlfn._xlws.FILTER( DRG_Status!$A$2:$A$100000, (DRG_Status!$J$2:$J$100000=S_Curve_Data!AA11) * (DRG_Status!$B$2:$B$100000=S_Curve_Data!$AA$1) )),0)/$AB$1} -> 0.06010929 | AH11: 45901 | AI11: {=IFERROR(ROWS(_xlfn._xlws.FILTER( DRG_Status!$A$2:$A$100000, (DRG_Status!$G$2:$G$100000=S_Curve_Data!AH11) * (DRG_Status!$B$2:$B$100000=S_Curve_Data!$AH$1) )),0)/$AI$1} -> 0 | AJ11: {=IFERROR(ROWS(_xlfn._xlws.FILTER( DRG_Status!$A$2:$A$100000, (DRG_Status!$H$2:$H$100000=S_Curve_Data!AH11) * (DRG_Status!$B$2:$B$100000=S_Curve_Data!$AH$1) )),0)/$AI$1} -> 0 | AK11: {=IFERROR(ROWS(_xlfn._xlws.FILTER( DRG_Status!$A$2:$A$100000, (DRG_Status!$I$2:$I$100000=S_Curve_Data!AH11) * (DRG_Status!$B$2:$B$100000=S_Curve_Data!$AH$1) )),0)/$AI$1} -> 0 | AL11: {=IFERROR(ROWS(_xlfn._xlws.FILTER( DRG_Status!$A$2:$A$100000, (DRG_Status!$J$2:$J$100000=S_Curve_Data!AH11) * (DRG_Status!$B$2:$B$100000=S_Curve_Data!$AH$1) )),0)/$AI$1} -> 0.17886179 | AO11: 45901 | AP11: {=IFERROR(ROWS(_xlfn._xlws.FILTER( DRG_Status!$A$2:$A$100000, (DRG_Status!$G$2:$G$100000=S_Curve_Data!AO11) * (DRG_Status!$B$2:$B$100000=S_Curve_Data!$AO$1) )),0)/$AP$1} -> 0 | AQ11: {=IFERROR(ROWS(_xlfn._xlws.FILTER( DRG_Status!$A$2:$A$100000, (DRG_Status!$H$2:$H$100000=S_Curve_Data!AO11) * (DRG_Status!$B$2:$B$100000=S_Curve_Data!$AO$1) )),0)/$AP$1} -> 0.055084746 | AR11: {=IFERROR(ROWS(_xlfn._xlws.FILTER( DRG_Status!$A$2:$A$100000, (DRG_Status!$I$2:$I$100000=S_Curve_Data!AO11) * (DRG_Status!$B$2:$B$100000=S_Curve_Data!$AO$1) )),0)/$AP$1} -> 0 | AS11: {=IFERROR(ROWS(_xlfn._xlws.FILTER( DRG_Status!$A$2:$A$100000, (DRG_Status!$J$2:$J$100000=S_Curve_Data!AO11) * (DRG_Status!$B$2:$B$100000=S_Curve_Data!$AO$1) )),0)/$AP$1} -> 0
F12: =Mappings!B11 -> 45726 | G12: {=IFERROR(ROWS(_xlfn._xlws.FILTER( DRG_Status!$A$2:$A$100000, (DRG_Status!$C$2:$C$100000=S_Curve_Data!F12) * (DRG_Status!$B$2:$B$100000=S_Curve_Data!$F$1) )),0)/$G$1} -> 0.016393443 | H12: {=IFERROR(ROWS(_xlfn._xlws.FILTER( DRG_Status!$A$2:$A$100000, (DRG_Status!$D$2:$D$100000=S_Curve_Data!F12) * (DRG_Status!$B$2:$B$100000=S_Curve_Data!$F$1) )),0)/$G$1} -> 0.021857923 | I12: {=IFERROR(ROWS(_xlfn._xlws.FILTER( DRG_Status!$A$2:$A$100000, (DRG_Status!$E$2:$E$100000=S_Curve_Data!F12) * (DRG_Status!$B$2:$B$100000=S_Curve_Data!$F$1) )),0)/$G$1} -> 0 | J12: {=IFERROR(ROWS(_xlfn._xlws.FILTER( DRG_Status!$A$2:$A$100000, (DRG_Status!$F$2:$F$100000=S_Curve_Data!F12) * (DRG_Status!$B$2:$B$100000=S_Curve_Data!$F$1) )),0)/$G$1} -> 0.021857923 | M12: =Mappings!B11 -> 45726 | N12: {=IFERROR(ROWS(_xlfn._xlws.FILTER( DRG_Status!$A$2:$A$100000, (DRG_Status!$C$2:$C$100000=S_Curve_Data!M12) * (DRG_Status!$B$2:$B$100000=S_Curve_Data!$M$1) )),0)/$N$1} -> 0 | O12: {=IFERROR(ROWS(_xlfn._xlws.FILTER( DRG_Status!$A$2:$A$100000, (DRG_Status!$D$2:$D$100000=S_Curve_Data!M12) * (DRG_Status!$B$2:$B$100000=S_Curve_Data!$M$1) )),0)/$N$1} -> 0.0081300813 | P12: {=IFERROR(ROWS(_xlfn._xlws.FILTER( DRG_Status!$A$2:$A$100000, (DRG_Status!$E$2:$E$100000=S_Curve_Data!M12) * (DRG_Status!$B$2:$B$100000=S_Curve_Data!$M$1) )),0)/$N$1} -> 0 | Q12: {=IFERROR(ROWS(_xlfn._xlws.FILTER( DRG_Status!$A$2:$A$100000, (DRG_Status!$F$2:$F$100000=S_Curve_Data!M12) * (DRG_Status!$B$2:$B$100000=S_Curve_Data!$M$1) )),0)/$N$1} -> 0 | T12: =Mappings!B11 -> 45726 | U12: {=IFERROR(ROWS(_xlfn._xlws.FILTER( DRG_Status!$A$2:$A$100000, (DRG_Status!$C$2:$C$100000=S_Curve_Data!T12) * (DRG_Status!$B$2:$B$100000=S_Curve_Data!$T$1) )),0)/$U$1} -> 0.12288136 | V12: {=IFERROR(ROWS(_xlfn._xlws.FILTER( DRG_Status!$A$2:$A$100000, (DRG_Status!$D$2:$D$100000=S_Curve_Data!T12) * (DRG_Status!$B$2:$B$100000=S_Curve_Data!$T$1) )),0)/$U$1} -> 0.063559322 | W12: {=IFERROR(ROWS(_xlfn._xlws.FILTER( DRG_Status!$A$2:$A$100000, (DRG_Status!$E$2:$E$100000=S_Curve_Data!T12) * (DRG_Status!$B$2:$B$100000=S_Curve_Data!$T$1) )),0)/$U$1} -> 0 | X12: {=IFERROR(ROWS(_xlfn._xlws.FILTER( DRG_Status!$A$2:$A$100000, (DRG_Status!$F$2:$F$100000=S_Curve_Data!T12) * (DRG_Status!$B$2:$B$100000=S_Curve_Data!$T$1) )),0)/$U$1} -> 0 | AA12: 45931 | AB12: {=IFERROR(ROWS(_xlfn._xlws.FILTER( DRG_Status!$A$2:$A$100000, (DRG_Status!$G$2:$G$100000=S_Curve_Data!AA12) * (DRG_Status!$B$2:$B$100000=S_Curve_Data!$AA$1) )),0)/$AB$1} -> 0.081967213 | AC12: {=IFERROR(ROWS(_xlfn._xlws.FILTER( DRG_Status!$A$2:$A$100000, (DRG_Status!$H$2:$H$100000=S_Curve_Data!AA12) * (DRG_Status!$B$2:$B$100000=S_Curve_Data!$AA$1) )),0)/$AB$1} -> 0.049180328 | AD12: {=IFERROR(ROWS(_xlfn._xlws.FILTER( DRG_Status!$A$2:$A$100000, (DRG_Status!$I$2:$I$100000=S_Curve_Data!AA12) * (DRG_Status!$B$2:$B$100000=S_Curve_Data!$AA$1) )),0)/$AB$1} -> 0.010928962 | AE12: {=IFERROR(ROWS(_xlfn._xlws.FILTER( DRG_Status!$A$2:$A$100000, (DRG_Status!$J$2:$J$100000=S_Curve_Data!AA12) * (DRG_Status!$B$2:$B$100000=S_Curve_Data!$AA$1) )),0)/$AB$1} -> 0.15846995 | AH12: 45931 | AI12: {=IFERROR(ROWS(_xlfn._xlws.FILTER( DRG_Status!$A$2:$A$100000, (DRG_Status!$G$2:$G$100000=S_Curve_Data!AH12) * (DRG_Status!$B$2:$B$100000=S_Curve_Data!$AH$1) )),0)/$AI$1} -> 0.048780488 | AJ12: {=IFERROR(ROWS(_xlfn._xlws.FILTER( DRG_Status!$A$2:$A$100000, (DRG_Status!$H$2:$H$100000=S_Curve_Data!AH12) * (DRG_Status!$B$2:$B$100000=S_Curve_Data!$AH$1) )),0)/$AI$1} -> 0.06504065 | AK12: {=IFERROR(ROWS(_xlfn._xlws.FILTER( DRG_Status!$A$2:$A$100000, (DRG_Status!$I$2:$I$100000=S_Curve_Data!AH12) * (DRG_Status!$B$2:$B$100000=S_Curve_Data!$AH$1) )),0)/$AI$1} -> 0 | AL12: {=IFERROR(ROWS(_xlfn._xlws.FILTER( DRG_Status!$A$2:$A$100000, (DRG_Status!$J$2:$J$100000=S_Curve_Data!AH12) * (DRG_Status!$B$2:$B$100000=S_Curve_Data!$AH$1) )),0)/$AI$1} -> 0.040650407 | AO12: 45931 | AP12: {=IFERROR(ROWS(_xlfn._xlws.FILTER( DRG_Status!$A$2:$A$100000, (DRG_Status!$G$2:$G$100000=S_Curve_Data!AO12) * (DRG_Status!$B$2:$B$100000=S_Curve_Data!$AO$1) )),0)/$AP$1} -> 0.11864407 | AQ12: {=IFERROR(ROWS(_xlfn._xlws.FILTER( DRG_Status!$A$2:$A$100000, (DRG_Status!$H$2:$H$100000=S_Curve_Data!AO12) * (DRG_Status!$B$2:$B$100000=S_Curve_Data!$AO$1) )),0)/$AP$1} -> 0.06779661 | AR12: {=IFERROR(ROWS(_xlfn._xlws.FILTER( DRG_Status!$A$2:$A$100000, (DRG_Status!$I$2:$I$100000=S_Curve_Data!AO12) * (DRG_Status!$B$2:$B$100000=S_Curve_Data!$AO$1) )),0)/$AP$1} -> 0 | AS12: {=IFERROR(ROWS(_xlfn._xlws.FILTER( DRG_Status!$A$2:$A$100000, (DRG_Status!$J$2:$J$100000=S_Curve_Data!AO12) * (DRG_Status!$B$2:$B$100000=S_Curve_Data!$AO$1) )),0)/$AP$1} -> 0.29661017
F13: =Mappings!B12 -> 45733 | G13: {=IFERROR(ROWS(_xlfn._xlws.FILTER( DRG_Status!$A$2:$A$100000, (DRG_Status!$C$2:$C$100000=S_Curve_Data!F13) * (DRG_Status!$B$2:$B$100000=S_Curve_Data!$F$1) )),0)/$G$1} -> 0 | H13: {=IFERROR(ROWS(_xlfn._xlws.FILTER( DRG_Status!$A$2:$A$100000, (DRG_Status!$D$2:$D$100000=S_Curve_Data!F13) * (DRG_Status!$B$2:$B$100000=S_Curve_Data!$F$1) )),0)/$G$1} -> 0 | I13: {=IFERROR(ROWS(_xlfn._xlws.FILTER( DRG_Status!$A$2:$A$100000, (DRG_Status!$E$2:$E$100000=S_Curve_Data!F13) * (DRG_Status!$B$2:$B$100000=S_Curve_Data!$F$1) )),0)/$G$1} -> 0 | J13: {=IFERROR(ROWS(_xlfn._xlws.FILTER( DRG_Status!$A$2:$A$100000, (DRG_Status!$F$2:$F$100000=S_Curve_Data!F13) * (DRG_Status!$B$2:$B$100000=S_Curve_Data!$F$1) )),0)/$G$1} -> 0 | M13: =Mappings!B12 -> 45733 | N13: {=IFERROR(ROWS(_xlfn._xlws.FILTER( DRG_Status!$A$2:$A$100000, (DRG_Status!$C$2:$C$100000=S_Curve_Data!M13) * (DRG_Status!$B$2:$B$100000=S_Curve_Data!$M$1) )),0)/$N$1} -> 0 | O13: {=IFERROR(ROWS(_xlfn._xlws.FILTER( DRG_Status!$A$2:$A$100000, (DRG_Status!$D$2:$D$100000=S_Curve_Data!M13) * (DRG_Status!$B$2:$B$100000=S_Curve_Data!$M$1) )),0)/$N$1} -> 0 | P13: {=IFERROR(ROWS(_xlfn._xlws.FILTER( DRG_Status!$A$2:$A$100000, (DRG_Status!$E$2:$E$100000=S_Curve_Data!M13) * (DRG_Status!$B$2:$B$100000=S_Curve_Data!$M$1) )),0)/$N$1} -> 0 | Q13: {=IFERROR(ROWS(_xlfn._xlws.FILTER( DRG_Status!$A$2:$A$100000, (DRG_Status!$F$2:$F$100000=S_Curve_Data!M13) * (DRG_Status!$B$2:$B$100000=S_Curve_Data!$M$1) )),0)/$N$1} -> 0 | T13: =Mappings!B12 -> 45733 | U13: {=IFERROR(ROWS(_xlfn._xlws.FILTER( DRG_Status!$A$2:$A$100000, (DRG_Status!$C$2:$C$100000=S_Curve_Data!T13) * (DRG_Status!$B$2:$B$100000=S_Curve_Data!$T$1) )),0)/$U$1} -> 0 | V13: {=IFERROR(ROWS(_xlfn._xlws.FILTER( DRG_Status!$A$2:$A$100000, (DRG_Status!$D$2:$D$100000=S_Curve_Data!T13) * (DRG_Status!$B$2:$B$100000=S_Curve_Data!$T$1) )),0)/$U$1} -> 0 | W13: {=IFERROR(ROWS(_xlfn._xlws.FILTER( DRG_Status!$A$2:$A$100000, (DRG_Status!$E$2:$E$100000=S_Curve_Data!T13) * (DRG_Status!$B$2:$B$100000=S_Curve_Data!$T$1) )),0)/$U$1} -> 0 | X13: {=IFERROR(ROWS(_xlfn._xlws.FILTER( DRG_Status!$A$2:$A$100000, (DRG_Status!$F$2:$F$100000=S_Curve_Data!T13) * (DRG_Status!$B$2:$B$100000=S_Curve_Data!$T$1) )),0)/$U$1} -> 0 | AA13: 45962 | AB13: {=IFERROR(ROWS(_xlfn._xlws.FILTER( DRG_Status!$A$2:$A$100000, (DRG_Status!$G$2:$G$100000=S_Curve_Data!AA13) * (DRG_Status!$B$2:$B$100000=S_Curve_Data!$AA$1) )),0)/$AB$1} -> 0.087431694 | AC13: {=IFERROR(ROWS(_xlfn._xlws.FILTER( DRG_Status!$A$2:$A$100000, (DRG_Status!$H$2:$H$100000=S_Curve_Data!AA13) * (DRG_Status!$B$2:$B$100000=S_Curve_Data!$AA$1) )),0)/$AB$1} -> 0.10382514 | AD13: {=IFERROR(ROWS(_xlfn._xlws.FILTER( DRG_Status!$A$2:$A$100000, (DRG_Status!$I$2:$I$100000=S_Curve_Data!AA13) * (DRG_Status!$B$2:$B$100000=S_Curve_Data!$AA$1) )),0)/$AB$1} -> 0.12021858 | AE13: {=IFERROR(ROWS(_xlfn._xlws.FILTER( DRG_Status!$A$2:$A$100000, (DRG_Status!$J$2:$J$100000=S_Curve_Data!AA13) * (DRG_Status!$B$2:$B$100000=S_Curve_Data!$AA$1) )),0)/$AB$1} -> 0 | AH13: 45962 | AI13: {=IFERROR(ROWS(_xlfn._xlws.FILTER( DRG_Status!$A$2:$A$100000, (DRG_Status!$G$2:$G$100000=S_Curve_Data!AH13) * (DRG_Status!$B$2:$B$100000=S_Curve_Data!$AH$1) )),0)/$AI$1} -> 0.15447154 | AJ13: {=IFERROR(ROWS(_xlfn._xlws.FILTER( DRG_Status!$A$2:$A$100000, (DRG_Status!$H$2:$H$100000=S_Curve_Data!AH13) * (DRG_Status!$B$2:$B$100000=S_Curve_Data!$AH$1) )),0)/$AI$1} -> 0.18699187 | AK13: {=IFERROR(ROWS(_xlfn._xlws.FILTER( DRG_Status!$A$2:$A$100000, (DRG_Status!$I$2:$I$100000=S_Curve_Data!AH13) * (DRG_Status!$B$2:$B$100000=S_Curve_Data!$AH$1) )),0)/$AI$1} -> 0.10569106 | AL13: {=IFERROR(ROWS(_xlfn._xlws.FILTER( DRG_Status!$A$2:$A$100000, (DRG_Status!$J$2:$J$100000=S_Curve_Data!AH13) * (DRG_Status!$B$2:$B$100000=S_Curve_Data!$AH$1) )),0)/$AI$1} -> 0.040650407 | AO13: 45962 | AP13: {=IFERROR(ROWS(_xlfn._xlws.FILTER( DRG_Status!$A$2:$A$100000, (DRG_Status!$G$2:$G$100000=S_Curve_Data!AO13) * (DRG_Status!$B$2:$B$100000=S_Curve_Data!$AO$1) )),0)/$AP$1} -> 0.11864407 | AQ13: {=IFERROR(ROWS(_xlfn._xlws.FILTER( DRG_Status!$A$2:$A$100000, (DRG_Status!$H$2:$H$100000=S_Curve_Data!AO13) * (DRG_Status!$B$2:$B$100000=S_Curve_Data!$AO$1) )),0)/$AP$1} -> 0.23305085 | AR13: {=IFERROR(ROWS(_xlfn._xlws.FILTER( DRG_Status!$A$2:$A$100000, (DRG_Status!$I$2:$I$100000=S_Curve_Data!AO13) * (DRG_Status!$B$2:$B$100000=S_Curve_Data!$AO$1) )),0)/$AP$1} -> 0.17372881 | AS13: {=IFERROR(ROWS(_xlfn._xlws.FILTER( DRG_Status!$A$2:$A$100000, (DRG_Status!$J$2:$J$100000=S_Curve_Data!AO13) * (DRG_Status!$B$2:$B$100000=S_Curve_Data!$AO$1) )),0)/$AP$1} -> 0
F14: =Mappings!B13 -> 45740 | G14: {=IFERROR(ROWS(_xlfn._xlws.FILTER( DRG_Status!$A$2:$A$100000, (DRG_Status!$C$2:$C$100000=S_Curve_Data!F14) * (DRG_Status!$B$2:$B$100000=S_Curve_Data!$F$1) )),0)/$G$1} -> 0.021857923 | H14: {=IFERROR(ROWS(_xlfn._xlws.FILTER( DRG_Status!$A$2:$A$100000, (DRG_Status!$D$2:$D$100000=S_Curve_Data!F14) * (DRG_Status!$B$2:$B$100000=S_Curve_Data!$F$1) )),0)/$G$1} -> 0.043715847 | I14: {=IFERROR(ROWS(_xlfn._xlws.FILTER( DRG_Status!$A$2:$A$100000, (DRG_Status!$E$2:$E$100000=S_Curve_Data!F14) * (DRG_Status!$B$2:$B$100000=S_Curve_Data!$F$1) )),0)/$G$1} -> 0.071038251 | J14: {=IFERROR(ROWS(_xlfn._xlws.FILTER( DRG_Status!$A$2:$A$100000, (DRG_Status!$F$2:$F$100000=S_Curve_Data!F14) * (DRG_Status!$B$2:$B$100000=S_Curve_Data!$F$1) )),0)/$G$1} -> 0.06010929 | M14: =Mappings!B13 -> 45740 | N14: {=IFERROR(ROWS(_xlfn._xlws.FILTER( DRG_Status!$A$2:$A$100000, (DRG_Status!$C$2:$C$100000=S_Curve_Data!M14) * (DRG_Status!$B$2:$B$100000=S_Curve_Data!$M$1) )),0)/$N$1} -> 0 | O14: {=IFERROR(ROWS(_xlfn._xlws.FILTER( DRG_Status!$A$2:$A$100000, (DRG_Status!$D$2:$D$100000=S_Curve_Data!M14) * (DRG_Status!$B$2:$B$100000=S_Curve_Data!$M$1) )),0)/$N$1} -> 0 | P14: {=IFERROR(ROWS(_xlfn._xlws.FILTER( DRG_Status!$A$2:$A$100000, (DRG_Status!$E$2:$E$100000=S_Curve_Data!M14) * (DRG_Status!$B$2:$B$100000=S_Curve_Data!$M$1) )),0)/$N$1} -> 0.024390244 | Q14: {=IFERROR(ROWS(_xlfn._xlws.FILTER( DRG_Status!$A$2:$A$100000, (DRG_Status!$F$2:$F$100000=S_Curve_Data!M14) * (DRG_Status!$B$2:$B$100000=S_Curve_Data!$M$1) )),0)/$N$1} -> 0.13821138 | T14: =Mappings!B13 -> 45740 | U14: {=IFERROR(ROWS(_xlfn._xlws.FILTER( DRG_Status!$A$2:$A$100000, (DRG_Status!$C$2:$C$100000=S_Curve_Data!T14) * (DRG_Status!$B$2:$B$100000=S_Curve_Data!$T$1) )),0)/$U$1} -> 0 | V14: {=IFERROR(ROWS(_xlfn._xlws.FILTER( DRG_Status!$A$2:$A$100000, (DRG_Status!$D$2:$D$100000=S_Curve_Data!T14) * (DRG_Status!$B$2:$B$100000=S_Curve_Data!$T$1) )),0)/$U$1} -> 0 | W14: {=IFERROR(ROWS(_xlfn._xlws.FILTER( DRG_Status!$A$2:$A$100000, (DRG_Status!$E$2:$E$100000=S_Curve_Data!T14) * (DRG_Status!$B$2:$B$100000=S_Curve_Data!$T$1) )),0)/$U$1} -> 0 | X14: {=IFERROR(ROWS(_xlfn._xlws.FILTER( DRG_Status!$A$2:$A$100000, (DRG_Status!$F$2:$F$100000=S_Curve_Data!T14) * (DRG_Status!$B$2:$B$100000=S_Curve_Data!$T$1) )),0)/$U$1} -> 0 | AA14: 45992 | AB14: {=IFERROR(ROWS(_xlfn._xlws.FILTER( DRG_Status!$A$2:$A$100000, (DRG_Status!$G$2:$G$100000=S_Curve_Data!AA14) * (DRG_Status!$B$2:$B$100000=S_Curve_Data!$AA$1) )),0)/$AB$1} -> 0.12568306 | AC14: {=IFERROR(ROWS(_xlfn._xlws.FILTER( DRG_Status!$A$2:$A$100000, (DRG_Status!$H$2:$H$100000=S_Curve_Data!AA14) * (DRG_Status!$B$2:$B$100000=S_Curve_Data!$AA$1) )),0)/$AB$1} -> 0.071038251 | AD14: {=IFERROR(ROWS(_xlfn._xlws.FILTER( DRG_Status!$A$2:$A$100000, (DRG_Status!$I$2:$I$100000=S_Curve_Data!AA14) * (DRG_Status!$B$2:$B$100000=S_Curve_Data!$AA$1) )),0)/$AB$1} -> 0.021857923 | AE14: {=IFERROR(ROWS(_xlfn._xlws.FILTER( DRG_Status!$A$2:$A$100000, (DRG_Status!$J$2:$J$100000=S_Curve_Data!AA14) * (DRG_Status!$B$2:$B$100000=S_Curve_Data!$AA$1) )),0)/$AB$1} -> 0.2295082 | AH14: 45992 | AI14: {=IFERROR(ROWS(_xlfn._xlws.FILTER( DRG_Status!$A$2:$A$100000, (DRG_Status!$G$2:$G$100000=S_Curve_Data!AH14) * (DRG_Status!$B$2:$B$100000=S_Curve_Data!$AH$1) )),0)/$AI$1} -> 0.3495935 | AJ14: {=IFERROR(ROWS(_xlfn._xlws.FILTER( DRG_Status!$A$2:$A$100000, (DRG_Status!$H$2:$H$100000=S_Curve_Data!AH14) * (DRG_Status!$B$2:$B$100000=S_Curve_Data!$AH$1) )),0)/$AI$1} -> 0.20325203 | AK14: {=IFERROR(ROWS(_xlfn._xlws.FILTER( DRG_Status!$A$2:$A$100000, (DRG_Status!$I$2:$I$100000=S_Curve_Data!AH14) * (DRG_Status!$B$2:$B$100000=S_Curve_Data!$AH$1) )),0)/$AI$1} -> 0.20325203 | AL14: {=IFERROR(ROWS(_xlfn._xlws.FILTER( DRG_Status!$A$2:$A$100000, (DRG_Status!$J$2:$J$100000=S_Curve_Data!AH14) * (DRG_Status!$B$2:$B$100000=S_Curve_Data!$AH$1) )),0)/$AI$1} -> 0.36585366 | AO14: 45992 | AP14: {=IFERROR(ROWS(_xlfn._xlws.FILTER( DRG_Status!$A$2:$A$100000, (DRG_Status!$G$2:$G$100000=S_Curve_Data!AO14) * (DRG_Status!$B$2:$B$100000=S_Curve_Data!$AO$1) )),0)/$AP$1} -> 0.021186441 | AQ14: {=IFERROR(ROWS(_xlfn._xlws.FILTER( DRG_Status!$A$2:$A$100000, (DRG_Status!$H$2:$H$100000=S_Curve_Data!AO14) * (DRG_Status!$B$2:$B$100000=S_Curve_Data!$AO$1) )),0)/$AP$1} -> 0 | AR14: {=IFERROR(ROWS(_xlfn._xlws.FILTER( DRG_Status!$A$2:$A$100000, (DRG_Status!$I$2:$I$100000=S_Curve_Data!AO14) * (DRG_Status!$B$2:$B$100000=S_Curve_Data!$AO$1) )),0)/$AP$1} -> 0.0084745763 | AS14: {=IFERROR(ROWS(_xlfn._xlws.FILTER( DRG_Status!$A$2:$A$100000, (DRG_Status!$J$2:$J$100000=S_Curve_Data!AO14) * (DRG_Status!$B$2:$B$100000=S_Curve_Data!$AO$1) )),0)/$AP$1} -> 0.17372881
F15: =Mappings!B14 -> 45747 | G15: {=IFERROR(ROWS(_xlfn._xlws.FILTER( DRG_Status!$A$2:$A$100000, (DRG_Status!$C$2:$C$100000=S_Curve_Data!F15) * (DRG_Status!$B$2:$B$100000=S_Curve_Data!$F$1) )),0)/$G$1} -> 0.10928962 | H15: {=IFERROR(ROWS(_xlfn._xlws.FILTER( DRG_Status!$A$2:$A$100000, (DRG_Status!$D$2:$D$100000=S_Curve_Data!F15) * (DRG_Status!$B$2:$B$100000=S_Curve_Data!$F$1) )),0)/$G$1} -> 0.06010929 | I15: {=IFERROR(ROWS(_xlfn._xlws.FILTER( DRG_Status!$A$2:$A$100000, (DRG_Status!$E$2:$E$100000=S_Curve_Data!F15) * (DRG_Status!$B$2:$B$100000=S_Curve_Data!$F$1) )),0)/$G$1} -> 0.010928962 | J15: {=IFERROR(ROWS(_xlfn._xlws.FILTER( DRG_Status!$A$2:$A$100000, (DRG_Status!$F$2:$F$100000=S_Curve_Data!F15) * (DRG_Status!$B$2:$B$100000=S_Curve_Data!$F$1) )),0)/$G$1} -> 0 | M15: =Mappings!B14 -> 45747 | N15: {=IFERROR(ROWS(_xlfn._xlws.FILTER( DRG_Status!$A$2:$A$100000, (DRG_Status!$C$2:$C$100000=S_Curve_Data!M15) * (DRG_Status!$B$2:$B$100000=S_Curve_Data!$M$1) )),0)/$N$1} -> 0.040650407 | O15: {=IFERROR(ROWS(_xlfn._xlws.FILTER( DRG_Status!$A$2:$A$100000, (DRG_Status!$D$2:$D$100000=S_Curve_Data!M15) * (DRG_Status!$B$2:$B$100000=S_Curve_Data!$M$1) )),0)/$N$1} -> 0.032520325 | P15: {=IFERROR(ROWS(_xlfn._xlws.FILTER( DRG_Status!$A$2:$A$100000, (DRG_Status!$E$2:$E$100000=S_Curve_Data!M15) * (DRG_Status!$B$2:$B$100000=S_Curve_Data!$M$1) )),0)/$N$1} -> 0.11382114 | Q15: {=IFERROR(ROWS(_xlfn._xlws.FILTER( DRG_Status!$A$2:$A$100000, (DRG_Status!$F$2:$F$100000=S_Curve_Data!M15) * (DRG_Status!$B$2:$B$100000=S_Curve_Data!$M$1) )),0)/$N$1} -> 0 | T15: =Mappings!B14 -> 45747 | U15: {=IFERROR(ROWS(_xlfn._xlws.FILTER( DRG_Status!$A$2:$A$100000, (DRG_Status!$C$2:$C$100000=S_Curve_Data!T15) * (DRG_Status!$B$2:$B$100000=S_Curve_Data!$T$1) )),0)/$U$1} -> 0.1779661 | V15: {=IFERROR(ROWS(_xlfn._xlws.FILTER( DRG_Status!$A$2:$A$100000, (DRG_Status!$D$2:$D$100000=S_Curve_Data!T15) * (DRG_Status!$B$2:$B$100000=S_Curve_Data!$T$1) )),0)/$U$1} -> 0.084745763 | W15: {=IFERROR(ROWS(_xlfn._xlws.FILTER( DRG_Status!$A$2:$A$100000, (DRG_Status!$E$2:$E$100000=S_Curve_Data!T15) * (DRG_Status!$B$2:$B$100000=S_Curve_Data!$T$1) )),0)/$U$1} -> 0.0042372881 | X15: {=IFERROR(ROWS(_xlfn._xlws.FILTER( DRG_Status!$A$2:$A$100000, (DRG_Status!$F$2:$F$100000=S_Curve_Data!T15) * (DRG_Status!$B$2:$B$100000=S_Curve_Data!$T$1) )),0)/$U$1} -> 0.0042372881 | AA15: 46023 | AB15: {=IFERROR(ROWS(_xlfn._xlws.FILTER( DRG_Status!$A$2:$A$100000, (DRG_Status!$G$2:$G$100000=S_Curve_Data!AA15) * (DRG_Status!$B$2:$B$100000=S_Curve_Data!$AA$1) )),0)/$AB$1} -> 0 | AC15: {=IFERROR(ROWS(_xlfn._xlws.FILTER( DRG_Status!$A$2:$A$100000, (DRG_Status!$H$2:$H$100000=S_Curve_Data!AA15) * (DRG_Status!$B$2:$B$100000=S_Curve_Data!$AA$1) )),0)/$AB$1} -> 0.032786885 | AD15: {=IFERROR(ROWS(_xlfn._xlws.FILTER( DRG_Status!$A$2:$A$100000, (DRG_Status!$I$2:$I$100000=S_Curve_Data!AA15) * (DRG_Status!$B$2:$B$100000=S_Curve_Data!$AA$1) )),0)/$AB$1} -> 0.10928962 | AE15: {=IFERROR(ROWS(_xlfn._xlws.FILTER( DRG_Status!$A$2:$A$100000, (DRG_Status!$J$2:$J$100000=S_Curve_Data!AA15) * (DRG_Status!$B$2:$B$100000=S_Curve_Data!$AA$1) )),0)/$AB$1} -> 0.0054644809 | AH15: 46023 | AI15: {=IFERROR(ROWS(_xlfn._xlws.FILTER( DRG_Status!$A$2:$A$100000, (DRG_Status!$G$2:$G$100000=S_Curve_Data!AH15) * (DRG_Status!$B$2:$B$100000=S_Curve_Data!$AH$1) )),0)/$AI$1} -> 0 | AJ15: {=IFERROR(ROWS(_xlfn._xlws.FILTER( DRG_Status!$A$2:$A$100000, (DRG_Status!$H$2:$H$100000=S_Curve_Data!AH15) * (DRG_Status!$B$2:$B$100000=S_Curve_Data!$AH$1) )),0)/$AI$1} -> 0.016260163 | AK15: {=IFERROR(ROWS(_xlfn._xlws.FILTER( DRG_Status!$A$2:$A$100000, (DRG_Status!$I$2:$I$100000=S_Curve_Data!AH15) * (DRG_Status!$B$2:$B$100000=S_Curve_Data!$AH$1) )),0)/$AI$1} -> 0.24390244 | AL15: {=IFERROR(ROWS(_xlfn._xlws.FILTER( DRG_Status!$A$2:$A$100000, (DRG_Status!$J$2:$J$100000=S_Curve_Data!AH15) * (DRG_Status!$B$2:$B$100000=S_Curve_Data!$AH$1) )),0)/$AI$1} -> 0.032520325 | AO15: 46023 | AP15: {=IFERROR(ROWS(_xlfn._xlws.FILTER( DRG_Status!$A$2:$A$100000, (DRG_Status!$G$2:$G$100000=S_Curve_Data!AO15) * (DRG_Status!$B$2:$B$100000=S_Curve_Data!$AO$1) )),0)/$AP$1} -> 0 | AQ15: {=IFERROR(ROWS(_xlfn._xlws.FILTER( DRG_Status!$A$2:$A$100000, (DRG_Status!$H$2:$H$100000=S_Curve_Data!AO15) * (DRG_Status!$B$2:$B$100000=S_Curve_Data!$AO$1) )),0)/$AP$1} -> 0 | AR15: {=IFERROR(ROWS(_xlfn._xlws.FILTER( DRG_Status!$A$2:$A$100000, (DRG_Status!$I$2:$I$100000=S_Curve_Data!AO15) * (DRG_Status!$B$2:$B$100000=S_Curve_Data!$AO$1) )),0)/$AP$1} -> 0.0084745763 | AS15: {=IFERROR(ROWS(_xlfn._xlws.FILTER( DRG_Status!$A$2:$A$100000, (DRG_Status!$J$2:$J$100000=S_Curve_Data!AO15) * (DRG_Status!$B$2:$B$100000=S_Curve_Data!$AO$1) )),0)/$AP$1} -> 0
... F22: =Mappings!B21 -> 45796 | G22: {=IFERROR(ROWS(_xlfn._xlws.FILTER( DRG_Status!$A$2:$A$100000, (DRG_Status!$C$2:$C$100000=S_Curve_Data!F22) * (DRG_Status!$B$2:$B$100000=S_Curve_Data!$F$1) )),0)/$G$1} -> 0 | H22: {=IFERROR(ROWS(_xlfn._xlws.FILTER( DRG_Status!$A$2:$A$100000, (DRG_Status!$D$2:$D$100000=S_Curve_Data!F22) * (DRG_Status!$B$2:$B$100000=S_Curve_Data!$F$1) )),0)/$G$1} -> 0.010928962 | I22: {=IFERROR(ROWS(_xlfn._xlws.FILTER( DRG_Status!$A$2:$A$100000, (DRG_Status!$E$2:$E$100000=S_Curve_Data!F22) * (DRG_Status!$B$2:$B$100000=S_Curve_Data!$F$1) )),0)/$G$1} -> 0 | J22: {=IFERROR(ROWS(_xlfn._xlws.FILTER( DRG_Status!$A$2:$A$100000, (DRG_Status!$F$2:$F$100000=S_Curve_Data!F22) * (DRG_Status!$B$2:$B$100000=S_Curve_Data!$F$1) )),0)/$G$1} -> 0 | M22: =Mappings!B21 -> 45796 | N22: {=IFERROR(ROWS(_xlfn._xlws.FILTER( DRG_Status!$A$2:$A$100000, (DRG_Status!$C$2:$C$100000=S_Curve_Data!M22) * (DRG_Status!$B$2:$B$100000=S_Curve_Data!$M$1) )),0)/$N$1} -> 0.048780488 | O22: {=IFERROR(ROWS(_xlfn._xlws.FILTER( DRG_Status!$A$2:$A$100000, (DRG_Status!$D$2:$D$100000=S_Curve_Data!M22) * (DRG_Status!$B$2:$B$100000=S_Curve_Data!$M$1) )),0)/$N$1} -> 0.032520325 | P22: {=IFERROR(ROWS(_xlfn._xlws.FILTER( DRG_Status!$A$2:$A$100000, (DRG_Status!$E$2:$E$100000=S_Curve_Data!M22) * (DRG_Status!$B$2:$B$100000=S_Curve_Data!$M$1) )),0)/$N$1} -> 0 | Q22: {=IFERROR(ROWS(_xlfn._xlws.FILTER( DRG_Status!$A$2:$A$100000, (DRG_Status!$F$2:$F$100000=S_Curve_Data!M22) * (DRG_Status!$B$2:$B$100000=S_Curve_Data!$M$1) )),0)/$N$1} -> 0 | T22: =Mappings!B21 -> 45796 | U22: {=IFERROR(ROWS(_xlfn._xlws.FILTER( DRG_Status!$A$2:$A$100000, (DRG_Status!$C$2:$C$100000=S_Curve_Data!T22) * (DRG_Status!$B$2:$B$100000=S_Curve_Data!$T$1) )),0)/$U$1} -> 0 | V22: {=IFERROR(ROWS(_xlfn._xlws.FILTER( DRG_Status!$A$2:$A$100000, (DRG_Status!$D$2:$D$100000=S_Curve_Data!T22) * (DRG_Status!$B$2:$B$100000=S_Curve_Data!$T$1) )),0)/$U$1} -> 0.059322034 | W22: {=IFERROR(ROWS(_xlfn._xlws.FILTER( DRG_Status!$A$2:$A$100000, (DRG_Status!$E$2:$E$100000=S_Curve_Data!T22) * (DRG_Status!$B$2:$B$100000=S_Curve_Data!$T$1) )),0)/$U$1} -> 0 | X22: {=IFERROR(ROWS(_xlfn._xlws.FILTER( DRG_Status!$A$2:$A$100000, (DRG_Status!$F$2:$F$100000=S_Curve_Data!T22) * (DRG_Status!$B$2:$B$100000=S_Curve_Data!$T$1) )),0)/$U$1} -> 0 | AA22: 46235 | AB22: {=IFERROR(ROWS(_xlfn._xlws.FILTER( DRG_Status!$A$2:$A$100000, (DRG_Status!$G$2:$G$100000=S_Curve_Data!AA22) * (DRG_Status!$B$2:$B$100000=S_Curve_Data!$AA$1) )),0)/$AB$1} -> 0 | AC22: {=IFERROR(ROWS(_xlfn._xlws.FILTER( DRG_Status!$A$2:$A$100000, (DRG_Status!$H$2:$H$100000=S_Curve_Data!AA22) * (DRG_Status!$B$2:$B$100000=S_Curve_Data!$AA$1) )),0)/$AB$1} -> 0 | AD22: {=IFERROR(ROWS(_xlfn._xlws.FILTER( DRG_Status!$A$2:$A$100000, (DRG_Status!$I$2:$I$100000=S_Curve_Data!AA22) * (DRG_Status!$B$2:$B$100000=S_Curve_Data!$AA$1) )),0)/$AB$1} -> 0 | AE22: {=IFERROR(ROWS(_xlfn._xlws.FILTER( DRG_Status!$A$2:$A$100000, (DRG_Status!$J$2:$J$100000=S_Curve_Data!AA22) * (DRG_Status!$B$2:$B$100000=S_Curve_Data!$AA$1) )),0)/$AB$1} -> 0 | AH22: 46235 | AI22: {=IFERROR(ROWS(_xlfn._xlws.FILTER( DRG_Status!$A$2:$A$100000, (DRG_Status!$G$2:$G$100000=S_Curve_Data!AH22) * (DRG_Status!$B$2:$B$100000=S_Curve_Data!$AH$1) )),0)/$AI$1} -> 0 | AJ22: {=IFERROR(ROWS(_xlfn._xlws.FILTER( DRG_Status!$A$2:$A$100000, (DRG_Status!$H$2:$H$100000=S_Curve_Data!AH22) * (DRG_Status!$B$2:$B$100000=S_Curve_Data!$AH$1) )),0)/$AI$1} -> 0 | AK22: {=IFERROR(ROWS(_xlfn._xlws.FILTER( DRG_Status!$A$2:$A$100000, (DRG_Status!$I$2:$I$100000=S_Curve_Data!AH22) * (DRG_Status!$B$2:$B$100000=S_Curve_Data!$AH$1) )),0)/$AI$1} -> 0 | AL22: {=IFERROR(ROWS(_xlfn._xlws.FILTER( DRG_Status!$A$2:$A$100000, (DRG_Status!$J$2:$J$100000=S_Curve_Data!AH22) * (DRG_Status!$B$2:$B$100000=S_Curve_Data!$AH$1) )),0)/$AI$1} -> 0 | AO22: 46235 | AP22: {=IFERROR(ROWS(_xlfn._xlws.FILTER( DRG_Status!$A$2:$A$100000, (DRG_Status!$G$2:$G$100000=S_Curve_Data!AO22) * (DRG_Status!$B$2:$B$100000=S_Curve_Data!$AO$1) )),0)/$AP$1} -> 0 | AQ22: {=IFERROR(ROWS(_xlfn._xlws.FILTER( DRG_Status!$A$2:$A$100000, (DRG_Status!$H$2:$H$100000=S_Curve_Data!AO22) * (DRG_Status!$B$2:$B$100000=S_Curve_Data!$AO$1) )),0)/$AP$1} -> 0 | AR22: {=IFERROR(ROWS(_xlfn._xlws.FILTER( DRG_Status!$A$2:$A$100000, (DRG_Status!$I$2:$I$100000=S_Curve_Data!AO22) * (DRG_Status!$B$2:$B$100000=S_Curve_Data!$AO$1) )),0)/$AP$1} -> 0 | AS22: {=IFERROR(ROWS(_xlfn._xlws.FILTER( DRG_Status!$A$2:$A$100000, (DRG_Status!$J$2:$J$100000=S_Curve_Data!AO22) * (DRG_Status!$B$2:$B$100000=S_Curve_Data!$AO$1) )),0)/$AP$1} -> 0
F23: =Mappings!B22 -> 45803 | G23: {=IFERROR(ROWS(_xlfn._xlws.FILTER( DRG_Status!$A$2:$A$100000, (DRG_Status!$C$2:$C$100000=S_Curve_Data!F23) * (DRG_Status!$B$2:$B$100000=S_Curve_Data!$F$1) )),0)/$G$1} -> 0.049180328 | H23: {=IFERROR(ROWS(_xlfn._xlws.FILTER( DRG_Status!$A$2:$A$100000, (DRG_Status!$D$2:$D$100000=S_Curve_Data!F23) * (DRG_Status!$B$2:$B$100000=S_Curve_Data!$F$1) )),0)/$G$1} -> 0 | I23: {=IFERROR(ROWS(_xlfn._xlws.FILTER( DRG_Status!$A$2:$A$100000, (DRG_Status!$E$2:$E$100000=S_Curve_Data!F23) * (DRG_Status!$B$2:$B$100000=S_Curve_Data!$F$1) )),0)/$G$1} -> 0.038251366 | J23: {=IFERROR(ROWS(_xlfn._xlws.FILTER( DRG_Status!$A$2:$A$100000, (DRG_Status!$F$2:$F$100000=S_Curve_Data!F23) * (DRG_Status!$B$2:$B$100000=S_Curve_Data!$F$1) )),0)/$G$1} -> 0.049180328 | M23: =Mappings!B22 -> 45803 | N23: {=IFERROR(ROWS(_xlfn._xlws.FILTER( DRG_Status!$A$2:$A$100000, (DRG_Status!$C$2:$C$100000=S_Curve_Data!M23) * (DRG_Status!$B$2:$B$100000=S_Curve_Data!$M$1) )),0)/$N$1} -> 0.032520325 | O23: {=IFERROR(ROWS(_xlfn._xlws.FILTER( DRG_Status!$A$2:$A$100000, (DRG_Status!$D$2:$D$100000=S_Curve_Data!M23) * (DRG_Status!$B$2:$B$100000=S_Curve_Data!$M$1) )),0)/$N$1} -> 0 | P23: {=IFERROR(ROWS(_xlfn._xlws.FILTER( DRG_Status!$A$2:$A$100000, (DRG_Status!$E$2:$E$100000=S_Curve_Data!M23) * (DRG_Status!$B$2:$B$100000=S_Curve_Data!$M$1) )),0)/$N$1} -> 0 | Q23: {=IFERROR(ROWS(_xlfn._xlws.FILTER( DRG_Status!$A$2:$A$100000, (DRG_Status!$F$2:$F$100000=S_Curve_Data!M23) * (DRG_Status!$B$2:$B$100000=S_Curve_Data!$M$1) )),0)/$N$1} -> 0 | T23: =Mappings!B22 -> 45803 | U23: {=IFERROR(ROWS(_xlfn._xlws.FILTER( DRG_Status!$A$2:$A$100000, (DRG_Status!$C$2:$C$100000=S_Curve_Data!T23) * (DRG_Status!$B$2:$B$100000=S_Curve_Data!$T$1) )),0)/$U$1} -> 0.055084746 | V23: {=IFERROR(ROWS(_xlfn._xlws.FILTER( DRG_Status!$A$2:$A$100000, (DRG_Status!$D$2:$D$100000=S_Curve_Data!T23) * (DRG_Status!$B$2:$B$100000=S_Curve_Data!$T$1) )),0)/$U$1} -> 0 | W23: {=IFERROR(ROWS(_xlfn._xlws.FILTER( DRG_Status!$A$2:$A$100000, (DRG_Status!$E$2:$E$100000=S_Curve_Data!T23) * (DRG_Status!$B$2:$B$100000=S_Curve_Data!$T$1) )),0)/$U$1} -> 0.11016949 | X23: {=IFERROR(ROWS(_xlfn._xlws.FILTER( DRG_Status!$A$2:$A$100000, (DRG_Status!$F$2:$F$100000=S_Curve_Data!T23) * (DRG_Status!$B$2:$B$100000=S_Curve_Data!$T$1) )),0)/$U$1} -> 0.080508475
F24: =Mappings!B23 -> 45810 | G24: {=IFERROR(ROWS(_xlfn._xlws.FILTER( DRG_Status!$A$2:$A$100000, (DRG_Status!$C$2:$C$100000=S_Curve_Data!F24) * (DRG_Status!$B$2:$B$100000=S_Curve_Data!$F$1) )),0)/$G$1} -> 0 | H24: {=IFERROR(ROWS(_xlfn._xlws.FILTER( DRG_Status!$A$2:$A$100000, (DRG_Status!$D$2:$D$100000=S_Curve_Data!F24) * (DRG_Status!$B$2:$B$100000=S_Curve_Data!$F$1) )),0)/$G$1} -> 0 | I24: {=IFERROR(ROWS(_xlfn._xlws.FILTER( DRG_Status!$A$2:$A$100000, (DRG_Status!$E$2:$E$100000=S_Curve_Data!F24) * (DRG_Status!$B$2:$B$100000=S_Curve_Data!$F$1) )),0)/$G$1} -> 0 | J24: {=IFERROR(ROWS(_xlfn._xlws.FILTER( DRG_Status!$A$2:$A$100000, (DRG_Status!$F$2:$F$100000=S_Curve_Data!F24) * (DRG_Status!$B$2:$B$100000=S_Curve_Data!$F$1) )),0)/$G$1} -> 0.076502732 | M24: =Mappings!B23 -> 45810 | N24: {=IFERROR(ROWS(_xlfn._xlws.FILTER( DRG_Status!$A$2:$A$100000, (DRG_Status!$C$2:$C$100000=S_Curve_Data!M24) * (DRG_Status!$B$2:$B$100000=S_Curve_Data!$M$1) )),0)/$N$1} -> 0.0081300813 | O24: {=IFERROR(ROWS(_xlfn._xlws.FILTER( DRG_Status!$A$2:$A$100000, (DRG_Status!$D$2:$D$100000=S_Curve_Data!M24) * (DRG_Status!$B$2:$B$100000=S_Curve_Data!$M$1) )),0)/$N$1} -> 0.032520325 | P24: {=IFERROR(ROWS(_xlfn._xlws.FILTER( DRG_Status!$A$2:$A$100000, (DRG_Status!$E$2:$E$100000=S_Curve_Data!M24) * (DRG_Status!$B$2:$B$100000=S_Curve_Data!$M$1) )),0)/$N$1} -> 0.048780488 | Q24: {=IFERROR(ROWS(_xlfn._xlws.FILTER( DRG_Status!$A$2:$A$100000, (DRG_Status!$F$2:$F$100000=S_Curve_Data!M24) * (DRG_Status!$B$2:$B$100000=S_Curve_Data!$M$1) )),0)/$N$1} -> 0 | T24: =Mappings!B23 -> 45810 | U24: {=IFERROR(ROWS(_xlfn._xlws.FILTER( DRG_Status!$A$2:$A$100000, (DRG_Status!$C$2:$C$100000=S_Curve_Data!T24) * (DRG_Status!$B$2:$B$100000=S_Curve_Data!$T$1) )),0)/$U$1} -> 0 | V24: {=IFERROR(ROWS(_xlfn._xlws.FILTER( DRG_Status!$A$2:$A$100000, (DRG_Status!$D$2:$D$100000=S_Curve_Data!T24) * (DRG_Status!$B$2:$B$100000=S_Curve_Data!$T$1) )),0)/$U$1} -> 0 | W24: {=IFERROR(ROWS(_xlfn._xlws.FILTER( DRG_Status!$A$2:$A$100000, (DRG_Status!$E$2:$E$100000=S_Curve_Data!T24) * (DRG_Status!$B$2:$B$100000=S_Curve_Data!$T$1) )),0)/$U$1} -> 0.033898305 | X24: {=IFERROR(ROWS(_xlfn._xlws.FILTER( DRG_Status!$A$2:$A$100000, (DRG_Status!$F$2:$F$100000=S_Curve_Data!T24) * (DRG_Status!$B$2:$B$100000=S_Curve_Data!$T$1) )),0)/$U$1} -> 0.11864407
F25: =Mappings!B24 -> 45817 | G25: {=IFERROR(ROWS(_xlfn._xlws.FILTER( DRG_Status!$A$2:$A$100000, (DRG_Status!$C$2:$C$100000=S_Curve_Data!F25) * (DRG_Status!$B$2:$B$100000=S_Curve_Data!$F$1) )),0)/$G$1} -> 0.038251366 | H25: {=IFERROR(ROWS(_xlfn._xlws.FILTER( DRG_Status!$A$2:$A$100000, (DRG_Status!$D$2:$D$100000=S_Curve_Data!F25) * (DRG_Status!$B$2:$B$100000=S_Curve_Data!$F$1) )),0)/$G$1} -> 0.027322404 | I25: {=IFERROR(ROWS(_xlfn._xlws.FILTER( DRG_Status!$A$2:$A$100000, (DRG_Status!$E$2:$E$100000=S_Curve_Data!F25) * (DRG_Status!$B$2:$B$100000=S_Curve_Data!$F$1) )),0)/$G$1} -> 0.038251366 | J25: {=IFERROR(ROWS(_xlfn._xlws.FILTER( DRG_Status!$A$2:$A$100000, (DRG_Status!$F$2:$F$100000=S_Curve_Data!F25) * (DRG_Status!$B$2:$B$100000=S_Curve_Data!$F$1) )),0)/$G$1} -> 0 | M25: =Mappings!B24 -> 45817 | N25: {=IFERROR(ROWS(_xlfn._xlws.FILTER( DRG_Status!$A$2:$A$100000, (DRG_Status!$C$2:$C$100000=S_Curve_Data!M25) * (DRG_Status!$B$2:$B$100000=S_Curve_Data!$M$1) )),0)/$N$1} -> 0.0081300813 | O25: {=IFERROR(ROWS(_xlfn._xlws.FILTER( DRG_Status!$A$2:$A$100000, (DRG_Status!$D$2:$D$100000=S_Curve_Data!M25) * (DRG_Status!$B$2:$B$100000=S_Curve_Data!$M$1) )),0)/$N$1} -> 0.016260163 | P25: {=IFERROR(ROWS(_xlfn._xlws.FILTER( DRG_Status!$A$2:$A$100000, (DRG_Status!$E$2:$E$100000=S_Curve_Data!M25) * (DRG_Status!$B$2:$B$100000=S_Curve_Data!$M$1) )),0)/$N$1} -> 0.032520325 | Q25: {=IFERROR(ROWS(_xlfn._xlws.FILTER( DRG_Status!$A$2:$A$100000, (DRG_Status!$F$2:$F$100000=S_Curve_Data!M25) * (DRG_Status!$B$2:$B$100000=S_Curve_Data!$M$1) )),0)/$N$1} -> 0 | T25: =Mappings!B24 -> 45817 | U25: {=IFERROR(ROWS(_xlfn._xlws.FILTER( DRG_Status!$A$2:$A$100000, (DRG_Status!$C$2:$C$100000=S_Curve_Data!T25) * (DRG_Status!$B$2:$B$100000=S_Curve_Data!$T$1) )),0)/$U$1} -> 0.06779661 | V25: {=IFERROR(ROWS(_xlfn._xlws.FILTER( DRG_Status!$A$2:$A$100000, (DRG_Status!$D$2:$D$100000=S_Curve_Data!T25) * (DRG_Status!$B$2:$B$100000=S_Curve_Data!$T$1) )),0)/$U$1} -> 0 | W25: {=IFERROR(ROWS(_xlfn._xlws.FILTER( DRG_Status!$A$2:$A$100000, (DRG_Status!$E$2:$E$100000=S_Curve_Data!T25) * (DRG_Status!$B$2:$B$100000=S_Curve_Data!$T$1) )),0)/$U$1} -> 0.046610169 | X25: {=IFERROR(ROWS(_xlfn._xlws.FILTER( DRG_Status!$A$2:$A$100000, (DRG_Status!$F$2:$F$100000=S_Curve_Data!T25) * (DRG_Status!$B$2:$B$100000=S_Curve_Data!$T$1) )),0)/$U$1} -> 0
F26: =Mappings!B25 -> 45824 | G26: {=IFERROR(ROWS(_xlfn._xlws.FILTER( DRG_Status!$A$2:$A$100000, (DRG_Status!$C$2:$C$100000=S_Curve_Data!F26) * (DRG_Status!$B$2:$B$100000=S_Curve_Data!$F$1) )),0)/$G$1} -> 0.010928962 | H26: {=IFERROR(ROWS(_xlfn._xlws.FILTER( DRG_Status!$A$2:$A$100000, (DRG_Status!$D$2:$D$100000=S_Curve_Data!F26) * (DRG_Status!$B$2:$B$100000=S_Curve_Data!$F$1) )),0)/$G$1} -> 0.038251366 | I26: {=IFERROR(ROWS(_xlfn._xlws.FILTER( DRG_Status!$A$2:$A$100000, (DRG_Status!$E$2:$E$100000=S_Curve_Data!F26) * (DRG_Status!$B$2:$B$100000=S_Curve_Data!$F$1) )),0)/$G$1} -> 0 | J26: {=IFERROR(ROWS(_xlfn._xlws.FILTER( DRG_Status!$A$2:$A$100000, (DRG_Status!$F$2:$F$100000=S_Curve_Data!F26) * (DRG_Status!$B$2:$B$100000=S_Curve_Data!$F$1) )),0)/$G$1} -> 0 | M26: =Mappings!B25 -> 45824 | N26: {=IFERROR(ROWS(_xlfn._xlws.FILTER( DRG_Status!$A$2:$A$100000, (DRG_Status!$C$2:$C$100000=S_Curve_Data!M26) * (DRG_Status!$B$2:$B$100000=S_Curve_Data!$M$1) )),0)/$N$1} -> 0 | O26: {=IFERROR(ROWS(_xlfn._xlws.FILTER( DRG_Status!$A$2:$A$100000, (DRG_Status!$D$2:$D$100000=S_Curve_Data!M26) * (DRG_Status!$B$2:$B$100000=S_Curve_Data!$M$1) )),0)/$N$1} -> 0.0081300813 | P26: {=IFERROR(ROWS(_xlfn._xlws.FILTER( DRG_Status!$A$2:$A$100000, (DRG_Status!$E$2:$E$100000=S_Curve_Data!M26) * (DRG_Status!$B$2:$B$100000=S_Curve_Data!$M$1) )),0)/$N$1} -> 0.048780488 | Q26: {=IFERROR(ROWS(_xlfn._xlws.FILTER( DRG_Status!$A$2:$A$100000, (DRG_Status!$F$2:$F$100000=S_Curve_Data!M26) * (DRG_Status!$B$2:$B$100000=S_Curve_Data!$M$1) )),0)/$N$1} -> 0 | T26: =Mappings!B25 -> 45824 | U26: {=IFERROR(ROWS(_xlfn._xlws.FILTER( DRG_Status!$A$2:$A$100000, (DRG_Status!$C$2:$C$100000=S_Curve_Data!T26) * (DRG_Status!$B$2:$B$100000=S_Curve_Data!$T$1) )),0)/$U$1} -> 0.012711864 | V26: {=IFERROR(ROWS(_xlfn._xlws.FILTER( DRG_Status!$A$2:$A$100000, (DRG_Status!$D$2:$D$100000=S_Curve_Data!T26) * (DRG_Status!$B$2:$B$100000=S_Curve_Data!$T$1) )),0)/$U$1} -> 0.055084746 | W26: {=IFERROR(ROWS(_xlfn._xlws.FILTER( DRG_Status!$A$2:$A$100000, (DRG_Status!$E$2:$E$100000=S_Curve_Data!T26) * (DRG_Status!$B$2:$B$100000=S_Curve_Data!$T$1) )),0)/$U$1} -> 0.0084745763 | X26: {=IFERROR(ROWS(_xlfn._xlws.FILTER( DRG_Status!$A$2:$A$100000, (DRG_Status!$F$2:$F$100000=S_Curve_Data!T26) * (DRG_Status!$B$2:$B$100000=S_Curve_Data!$T$1) )),0)/$U$1} -> 0
F27: =Mappings!B26 -> 45831 | G27: {=IFERROR(ROWS(_xlfn._xlws.FILTER( DRG_Status!$A$2:$A$100000, (DRG_Status!$C$2:$C$100000=S_Curve_Data!F27) * (DRG_Status!$B$2:$B$100000=S_Curve_Data!$F$1) )),0)/$G$1} -> 0.092896175 | H27: {=IFERROR(ROWS(_xlfn._xlws.FILTER( DRG_Status!$A$2:$A$100000, (DRG_Status!$D$2:$D$100000=S_Curve_Data!F27) * (DRG_Status!$B$2:$B$100000=S_Curve_Data!$F$1) )),0)/$G$1} -> 0.0054644809 | I27: {=IFERROR(ROWS(_xlfn._xlws.FILTER( DRG_Status!$A$2:$A$100000, (DRG_Status!$E$2:$E$100000=S_Curve_Data!F27) * (DRG_Status!$B$2:$B$100000=S_Curve_Data!$F$1) )),0)/$G$1} -> 0.010928962 | J27: {=IFERROR(ROWS(_xlfn._xlws.FILTER( DRG_Status!$A$2:$A$100000, (DRG_Status!$F$2:$F$100000=S_Curve_Data!F27) * (DRG_Status!$B$2:$B$100000=S_Curve_Data!$F$1) )),0)/$G$1} -> 0 | M27: =Mappings!B26 -> 45831 | N27: {=IFERROR(ROWS(_xlfn._xlws.FILTER( DRG_Status!$A$2:$A$100000, (DRG_Status!$C$2:$C$100000=S_Curve_Data!M27) * (DRG_Status!$B$2:$B$100000=S_Curve_Data!$M$1) )),0)/$N$1} -> 0.0081300813 | O27: {=IFERROR(ROWS(_xlfn._xlws.FILTER( DRG_Status!$A$2:$A$100000, (DRG_Status!$D$2:$D$100000=S_Curve_Data!M27) * (DRG_Status!$B$2:$B$100000=S_Curve_Data!$M$1) )),0)/$N$1} -> 0.040650407 | P27: {=IFERROR(ROWS(_xlfn._xlws.FILTER( DRG_Status!$A$2:$A$100000, (DRG_Status!$E$2:$E$100000=S_Curve_Data!M27) * (DRG_Status!$B$2:$B$100000=S_Curve_Data!$M$1) )),0)/$N$1} -> 0.032520325 | Q27: {=IFERROR(ROWS(_xlfn._xlws.FILTER( DRG_Status!$A$2:$A$100000, (DRG_Status!$F$2:$F$100000=S_Curve_Data!M27) * (DRG_Status!$B$2:$B$100000=S_Curve_Data!$M$1) )),0)/$N$1} -> 0 | T27: =Mappings!B26 -> 45831 | U27: {=IFERROR(ROWS(_xlfn._xlws.FILTER( DRG_Status!$A$2:$A$100000, (DRG_Status!$C$2:$C$100000=S_Curve_Data!T27) * (DRG_Status!$B$2:$B$100000=S_Curve_Data!$T$1) )),0)/$U$1} -> 0.11864407 | V27: {=IFERROR(ROWS(_xlfn._xlws.FILTER( DRG_Status!$A$2:$A$100000, (DRG_Status!$D$2:$D$100000=S_Curve_Data!T27) * (DRG_Status!$B$2:$B$100000=S_Curve_Data!$T$1) )),0)/$U$1} -> 0 | W27: {=IFERROR(ROWS(_xlfn._xlws.FILTER( DRG_Status!$A$2:$A$100000, (DRG_Status!$E$2:$E$100000=S_Curve_Data!T27) * (DRG_Status!$B$2:$B$100000=S_Curve_Data!$T$1) )),0)/$U$1} -> 0.012711864 | X27: {=IFERROR(ROWS(_xlfn._xlws.FILTER( DRG_Status!$A$2:$A$100000, (DRG_Status!$F$2:$F$100000=S_Curve_Data!T27) * (DRG_Status!$B$2:$B$100000=S_Curve_Data!$T$1) )),0)/$U$1} -> 0
F28: =Mappings!B27 -> 45838 | G28: {=IFERROR(ROWS(_xlfn._xlws.FILTER( DRG_Status!$A$2:$A$100000, (DRG_Status!$C$2:$C$100000=S_Curve_Data!F28) * (DRG_Status!$B$2:$B$100000=S_Curve_Data!$F$1) )),0)/$G$1} -> 0 | H28: {=IFERROR(ROWS(_xlfn._xlws.FILTER( DRG_Status!$A$2:$A$100000, (DRG_Status!$D$2:$D$100000=S_Curve_Data!F28) * (DRG_Status!$B$2:$B$100000=S_Curve_Data!$F$1) )),0)/$G$1} -> 0.071038251 | I28: {=IFERROR(ROWS(_xlfn._xlws.FILTER( DRG_Status!$A$2:$A$100000, (DRG_Status!$E$2:$E$100000=S_Curve_Data!F28) * (DRG_Status!$B$2:$B$100000=S_Curve_Data!$F$1) )),0)/$G$1} -> 0.038251366 | J28: {=IFERROR(ROWS(_xlfn._xlws.FILTER( DRG_Status!$A$2:$A$100000, (DRG_Status!$F$2:$F$100000=S_Curve_Data!F28) * (DRG_Status!$B$2:$B$100000=S_Curve_Data!$F$1) )),0)/$G$1} -> 0.0054644809 | M28: =Mappings!B27 -> 45838 | N28: {=IFERROR(ROWS(_xlfn._xlws.FILTER( DRG_Status!$A$2:$A$100000, (DRG_Status!$C$2:$C$100000=S_Curve_Data!M28) * (DRG_Status!$B$2:$B$100000=S_Curve_Data!$M$1) )),0)/$N$1} -> 0 | O28: {=IFERROR(ROWS(_xlfn._xlws.FILTER( DRG_Status!$A$2:$A$100000, (DRG_Status!$D$2:$D$100000=S_Curve_Data!M28) * (DRG_Status!$B$2:$B$100000=S_Curve_Data!$M$1) )),0)/$N$1} -> 0 | P28: {=IFERROR(ROWS(_xlfn._xlws.FILTER( DRG_Status!$A$2:$A$100000, (DRG_Status!$E$2:$E$100000=S_Curve_Data!M28) * (DRG_Status!$B$2:$B$100000=S_Curve_Data!$M$1) )),0)/$N$1} -> 0.0081300813 | Q28: {=IFERROR(ROWS(_xlfn._xlws.FILTER( DRG_Status!$A$2:$A$100000, (DRG_Status!$F$2:$F$100000=S_Curve_Data!M28) * (DRG_Status!$B$2:$B$100000=S_Curve_Data!$M$1) )),0)/$N$1} -> 0.024390244 | T28: =Mappings!B27 -> 45838 | U28: {=IFERROR(ROWS(_xlfn._xlws.FILTER( DRG_Status!$A$2:$A$100000, (DRG_Status!$C$2:$C$100000=S_Curve_Data!T28) * (DRG_Status!$B$2:$B$100000=S_Curve_Data!$T$1) )),0)/$U$1} -> 0 | V28: {=IFERROR(ROWS(_xlfn._xlws.FILTER( DRG_Status!$A$2:$A$100000, (DRG_Status!$D$2:$D$100000=S_Curve_Data!T28) * (DRG_Status!$B$2:$B$100000=S_Curve_Data!$T$1) )),0)/$U$1} -> 0.059322034 | W28: {=IFERROR(ROWS(_xlfn._xlws.FILTER( DRG_Status!$A$2:$A$100000, (DRG_Status!$E$2:$E$100000=S_Curve_Data!T28) * (DRG_Status!$B$2:$B$100000=S_Curve_Data!$T$1) )),0)/$U$1} -> 0.055084746 | X28: {=IFERROR(ROWS(_xlfn._xlws.FILTER( DRG_Status!$A$2:$A$100000, (DRG_Status!$F$2:$F$100000=S_Curve_Data!T28) * (DRG_Status!$B$2:$B$100000=S_Curve_Data!$T$1) )),0)/$U$1} -> 0
F29: =Mappings!B28 -> 45845 | G29: {=IFERROR(ROWS(_xlfn._xlws.FILTER( DRG_Status!$A$2:$A$100000, (DRG_Status!$C$2:$C$100000=S_Curve_Data!F29) * (DRG_Status!$B$2:$B$100000=S_Curve_Data!$F$1) )),0)/$G$1} -> 0.076502732 | H29: {=IFERROR(ROWS(_xlfn._xlws.FILTER( DRG_Status!$A$2:$A$100000, (DRG_Status!$D$2:$D$100000=S_Curve_Data!F29) * (DRG_Status!$B$2:$B$100000=S_Curve_Data!$F$1) )),0)/$G$1} -> 0.038251366 | I29: {=IFERROR(ROWS(_xlfn._xlws.FILTER( DRG_Status!$A$2:$A$100000, (DRG_Status!$E$2:$E$100000=S_Curve_Data!F29) * (DRG_Status!$B$2:$B$100000=S_Curve_Data!$F$1) )),0)/$G$1} -> 0 | J29: {=IFERROR(ROWS(_xlfn._xlws.FILTER( DRG_Status!$A$2:$A$100000, (DRG_Status!$F$2:$F$100000=S_Curve_Data!F29) * (DRG_Status!$B$2:$B$100000=S_Curve_Data!$F$1) )),0)/$G$1} -> 0.038251366 | M29: =Mappings!B28 -> 45845 | N29: {=IFERROR(ROWS(_xlfn._xlws.FILTER( DRG_Status!$A$2:$A$100000, (DRG_Status!$C$2:$C$100000=S_Curve_Data!M29) * (DRG_Status!$B$2:$B$100000=S_Curve_Data!$M$1) )),0)/$N$1} -> 0 | O29: {=IFERROR(ROWS(_xlfn._xlws.FILTER( DRG_Status!$A$2:$A$100000, (DRG_Status!$D$2:$D$100000=S_Curve_Data!M29) * (DRG_Status!$B$2:$B$100000=S_Curve_Data!$M$1) )),0)/$N$1} -> 0.024390244 | P29: {=IFERROR(ROWS(_xlfn._xlws.FILTER( DRG_Status!$A$2:$A$100000, (DRG_Status!$E$2:$E$100000=S_Curve_Data!M29) * (DRG_Status!$B$2:$B$100000=S_Curve_Data!$M$1) )),0)/$N$1} -> 0.0081300813 | Q29: {=IFERROR(ROWS(_xlfn._xlws.FILTER( DRG_Status!$A$2:$A$100000, (DRG_Status!$F$2:$F$100000=S_Curve_Data!M29) * (DRG_Status!$B$2:$B$100000=S_Curve_Data!$M$1) )),0)/$N$1} -> 0.016260163 | T29: =Mappings!B28 -> 45845 | U29: {=IFERROR(ROWS(_xlfn._xlws.FILTER( DRG_Status!$A$2:$A$100000, (DRG_Status!$C$2:$C$100000=S_Curve_Data!T29) * (DRG_Status!$B$2:$B$100000=S_Curve_Data!$T$1) )),0)/$U$1} -> 0.084745763 | V29: {=IFERROR(ROWS(_xlfn._xlws.FILTER( DRG_Status!$A$2:$A$100000, (DRG_Status!$D$2:$D$100000=S_Curve_Data!T29) * (DRG_Status!$B$2:$B$100000=S_Curve_Data!$T$1) )),0)/$U$1} -> 0.059322034 | W29: {=IFERROR(ROWS(_xlfn._xlws.FILTER( DRG_Status!$A$2:$A$100000, (DRG_Status!$E$2:$E$100000=S_Curve_Data!T29) * (DRG_Status!$B$2:$B$100000=S_Curve_Data!$T$1) )),0)/$U$1} -> 0.0042372881 | X29: {=IFERROR(ROWS(_xlfn._xlws.FILTER( DRG_Status!$A$2:$A$100000, (DRG_Status!$F$2:$F$100000=S_Curve_Data!T29) * (DRG_Status!$B$2:$B$100000=S_Curve_Data!$T$1) )),0)/$U$1} -> 0.059322034
F30: =Mappings!B29 -> 45852 | G30: {=IFERROR(ROWS(_xlfn._xlws.FILTER( DRG_Status!$A$2:$A$100000, (DRG_Status!$C$2:$C$100000=S_Curve_Data!F30) * (DRG_Status!$B$2:$B$100000=S_Curve_Data!$F$1) )),0)/$G$1} -> 0 | H30: {=IFERROR(ROWS(_xlfn._xlws.FILTER( DRG_Status!$A$2:$A$100000, (DRG_Status!$D$2:$D$100000=S_Curve_Data!F30) * (DRG_Status!$B$2:$B$100000=S_Curve_Data!$F$1) )),0)/$G$1} -> 0 | I30: {=IFERROR(ROWS(_xlfn._xlws.FILTER( DRG_Status!$A$2:$A$100000, (DRG_Status!$E$2:$E$100000=S_Curve_Data!F30) * (DRG_Status!$B$2:$B$100000=S_Curve_Data!$F$1) )),0)/$G$1} -> 0.087431694 | J30: {=IFERROR(ROWS(_xlfn._xlws.FILTER( DRG_Status!$A$2:$A$100000, (DRG_Status!$F$2:$F$100000=S_Curve_Data!F30) * (DRG_Status!$B$2:$B$100000=S_Curve_Data!$F$1) )),0)/$G$1} -> 0 | M30: =Mappings!B29 -> 45852 | N30: {=IFERROR(ROWS(_xlfn._xlws.FILTER( DRG_Status!$A$2:$A$100000, (DRG_Status!$C$2:$C$100000=S_Curve_Data!M30) * (DRG_Status!$B$2:$B$100000=S_Curve_Data!$M$1) )),0)/$N$1} -> 0 | O30: {=IFERROR(ROWS(_xlfn._xlws.FILTER( DRG_Status!$A$2:$A$100000, (DRG_Status!$D$2:$D$100000=S_Curve_Data!M30) * (DRG_Status!$B$2:$B$100000=S_Curve_Data!$M$1) )),0)/$N$1} -> 0 | P30: {=IFERROR(ROWS(_xlfn._xlws.FILTER( DRG_Status!$A$2:$A$100000, (DRG_Status!$E$2:$E$100000=S_Curve_Data!M30) * (DRG_Status!$B$2:$B$100000=S_Curve_Data!$M$1) )),0)/$N$1} -> 0 | Q30: {=IFERROR(ROWS(_xlfn._xlws.FILTER( DRG_Status!$A$2:$A$100000, (DRG_Status!$F$2:$F$100000=S_Curve_Data!M30) * (DRG_Status!$B$2:$B$100000=S_Curve_Data!$M$1) )),0)/$N$1} -> 0.024390244 | T30: =Mappings!B29 -> 45852 | U30: {=IFERROR(ROWS(_xlfn._xlws.FILTER( DRG_Status!$A$2:$A$100000, (DRG_Status!$C$2:$C$100000=S_Curve_Data!T30) * (DRG_Status!$B$2:$B$100000=S_Curve_Data!$T$1) )),0)/$U$1} -> 0.012711864 | V30: {=IFERROR(ROWS(_xlfn._xlws.FILTER( DRG_Status!$A$2:$A$100000, (DRG_Status!$D$2:$D$100000=S_Curve_Data!T30) * (DRG_Status!$B$2:$B$100000=S_Curve_Data!$T$1) )),0)/$U$1} -> 0 | W30: {=IFERROR(ROWS(_xlfn._xlws.FILTER( DRG_Status!$A$2:$A$100000, (DRG_Status!$E$2:$E$100000=S_Curve_Data!T30) * (DRG_Status!$B$2:$B$100000=S_Curve_Data!$T$1) )),0)/$U$1} -> 0.11440678 | X30: {=IFERROR(ROWS(_xlfn._xlws.FILTER( DRG_Status!$A$2:$A$100000, (DRG_Status!$F$2:$F$100000=S_Curve_Data!T30) * (DRG_Status!$B$2:$B$100000=S_Curve_Data!$T$1) )),0)/$U$1} -> 0
F31: =Mappings!B30 -> 45859 | G31: {=IFERROR(ROWS(_xlfn._xlws.FILTER( DRG_Status!$A$2:$A$100000, (DRG_Status!$C$2:$C$100000=S_Curve_Data!F31) * (DRG_Status!$B$2:$B$100000=S_Curve_Data!$F$1) )),0)/$G$1} -> 0.038251366 | H31: {=IFERROR(ROWS(_xlfn._xlws.FILTER( DRG_Status!$A$2:$A$100000, (DRG_Status!$D$2:$D$100000=S_Curve_Data!F31) * (DRG_Status!$B$2:$B$100000=S_Curve_Data!$F$1) )),0)/$G$1} -> 0 | I31: {=IFERROR(ROWS(_xlfn._xlws.FILTER( DRG_Status!$A$2:$A$100000, (DRG_Status!$E$2:$E$100000=S_Curve_Data!F31) * (DRG_Status!$B$2:$B$100000=S_Curve_Data!$F$1) )),0)/$G$1} -> 0.016393443 | J31: {=IFERROR(ROWS(_xlfn._xlws.FILTER( DRG_Status!$A$2:$A$100000, (DRG_Status!$F$2:$F$100000=S_Curve_Data!F31) * (DRG_Status!$B$2:$B$100000=S_Curve_Data!$F$1) )),0)/$G$1} -> 0 | M31: =Mappings!B30 -> 45859 | N31: {=IFERROR(ROWS(_xlfn._xlws.FILTER( DRG_Status!$A$2:$A$100000, (DRG_Status!$C$2:$C$100000=S_Curve_Data!M31) * (DRG_Status!$B$2:$B$100000=S_Curve_Data!$M$1) )),0)/$N$1} -> 0 | O31: {=IFERROR(ROWS(_xlfn._xlws.FILTER( DRG_Status!$A$2:$A$100000, (DRG_Status!$D$2:$D$100000=S_Curve_Data!M31) * (DRG_Status!$B$2:$B$100000=S_Curve_Data!$M$1) )),0)/$N$1} -> 0.0081300813 | P31: {=IFERROR(ROWS(_xlfn._xlws.FILTER( DRG_Status!$A$2:$A$100000, (DRG_Status!$E$2:$E$100000=S_Curve_Data!M31) * (DRG_Status!$B$2:$B$100000=S_Curve_Data!$M$1) )),0)/$N$1} -> 0.0081300813 | Q31: {=IFERROR(ROWS(_xlfn._xlws.FILTER( DRG_Status!$A$2:$A$100000, (DRG_Status!$F$2:$F$100000=S_Curve_Data!M31) * (DRG_Status!$B$2:$B$100000=S_Curve_Data!$M$1) )),0)/$N$1} -> 0 | T31: =Mappings!B30 -> 45859 | U31: {=IFERROR(ROWS(_xlfn._xlws.FILTER( DRG_Status!$A$2:$A$100000, (DRG_Status!$C$2:$C$100000=S_Curve_Data!T31) * (DRG_Status!$B$2:$B$100000=S_Curve_Data!$T$1) )),0)/$U$1} -> 0.012711864 | V31: {=IFERROR(ROWS(_xlfn._xlws.FILTER( DRG_Status!$A$2:$A$100000, (DRG_Status!$D$2:$D$100000=S_Curve_Data!T31) * (DRG_Status!$B$2:$B$100000=S_Curve_Data!$T$1) )),0)/$U$1} -> 0.0084745763 | W31: {=IFERROR(ROWS(_xlfn._xlws.FILTER( DRG_Status!$A$2:$A$100000, (DRG_Status!$E$2:$E$100000=S_Curve_Data!T31) * (DRG_Status!$B$2:$B$100000=S_Curve_Data!$T$1) )),0)/$U$1} -> 0 | X31: {=IFERROR(ROWS(_xlfn._xlws.FILTER( DRG_Status!$A$2:$A$100000, (DRG_Status!$F$2:$F$100000=S_Curve_Data!T31) * (DRG_Status!$B$2:$B$100000=S_Curve_Data!$T$1) )),0)/$U$1} -> 0
F32: =Mappings!B31 -> 45866 | G32: {=IFERROR(ROWS(_xlfn._xlws.FILTER( DRG_Status!$A$2:$A$100000, (DRG_Status!$C$2:$C$100000=S_Curve_Data!F32) * (DRG_Status!$B$2:$B$100000=S_Curve_Data!$F$1) )),0)/$G$1} -> 0 | H32: {=IFERROR(ROWS(_xlfn._xlws.FILTER( DRG_Status!$A$2:$A$100000, (DRG_Status!$D$2:$D$100000=S_Curve_Data!F32) * (DRG_Status!$B$2:$B$100000=S_Curve_Data!$F$1) )),0)/$G$1} -> 0 | I32: {=IFERROR(ROWS(_xlfn._xlws.FILTER( DRG_Status!$A$2:$A$100000, (DRG_Status!$E$2:$E$100000=S_Curve_Data!F32) * (DRG_Status!$B$2:$B$100000=S_Curve_Data!$F$1) )),0)/$G$1} -> 0.076502732 | J32: {=IFERROR(ROWS(_xlfn._xlws.FILTER( DRG_Status!$A$2:$A$100000, (DRG_Status!$F$2:$F$100000=S_Curve_Data!F32) * (DRG_Status!$B$2:$B$100000=S_Curve_Data!$F$1) )),0)/$G$1} -> 0 | M32: =Mappings!B31 -> 45866 | N32: {=IFERROR(ROWS(_xlfn._xlws.FILTER( DRG_Status!$A$2:$A$100000, (DRG_Status!$C$2:$C$100000=S_Curve_Data!M32) * (DRG_Status!$B$2:$B$100000=S_Curve_Data!$M$1) )),0)/$N$1} -> 0.0081300813 | O32: {=IFERROR(ROWS(_xlfn._xlws.FILTER( DRG_Status!$A$2:$A$100000, (DRG_Status!$D$2:$D$100000=S_Curve_Data!M32) * (DRG_Status!$B$2:$B$100000=S_Curve_Data!$M$1) )),0)/$N$1} -> 0.0081300813 | P32: {=IFERROR(ROWS(_xlfn._xlws.FILTER( DRG_Status!$A$2:$A$100000, (DRG_Status!$E$2:$E$100000=S_Curve_Data!M32) * (DRG_Status!$B$2:$B$100000=S_Curve_Data!$M$1) )),0)/$N$1} -> 0 | Q32: {=IFERROR(ROWS(_xlfn._xlws.FILTER( DRG_Status!$A$2:$A$100000, (DRG_Status!$F$2:$F$100000=S_Curve_Data!M32) * (DRG_Status!$B$2:$B$100000=S_Curve_Data!$M$1) )),0)/$N$1} -> 0 | T32: =Mappings!B31 -> 45866 | U32: {=IFERROR(ROWS(_xlfn._xlws.FILTER( DRG_Status!$A$2:$A$100000, (DRG_Status!$C$2:$C$100000=S_Curve_Data!T32) * (DRG_Status!$B$2:$B$100000=S_Curve_Data!$T$1) )),0)/$U$1} -> 0 | V32: {=IFERROR(ROWS(_xlfn._xlws.FILTER( DRG_Status!$A$2:$A$100000, (DRG_Status!$D$2:$D$100000=S_Curve_Data!T32) * (DRG_Status!$B$2:$B$100000=S_Curve_Data!$T$1) )),0)/$U$1} -> 0 | W32: {=IFERROR(ROWS(_xlfn._xlws.FILTER( DRG_Status!$A$2:$A$100000, (DRG_Status!$E$2:$E$100000=S_Curve_Data!T32) * (DRG_Status!$B$2:$B$100000=S_Curve_Data!$T$1) )),0)/$U$1} -> 0.11016949 | X32: {=IFERROR(ROWS(_xlfn._xlws.FILTER( DRG_Status!$A$2:$A$100000, (DRG_Status!$F$2:$F$100000=S_Curve_Data!T32) * (DRG_Status!$B$2:$B$100000=S_Curve_Data!$T$1) )),0)/$U$1} -> 0
F33: =Mappings!B32 -> 45873 | G33: {=IFERROR(ROWS(_xlfn._xlws.FILTER( DRG_Status!$A$2:$A$100000, (DRG_Status!$C$2:$C$100000=S_Curve_Data!F33) * (DRG_Status!$B$2:$B$100000=S_Curve_Data!$F$1) )),0)/$G$1} -> 0 | H33: {=IFERROR(ROWS(_xlfn._xlws.FILTER( DRG_Status!$A$2:$A$100000, (DRG_Status!$D$2:$D$100000=S_Curve_Data!F33) * (DRG_Status!$B$2:$B$100000=S_Curve_Data!$F$1) )),0)/$G$1} -> 0 | I33: {=IFERROR(ROWS(_xlfn._xlws.FILTER( DRG_Status!$A$2:$A$100000, (DRG_Status!$E$2:$E$100000=S_Curve_Data!F33) * (DRG_Status!$B$2:$B$100000=S_Curve_Data!$F$1) )),0)/$G$1} -> 0 | J33: {=IFERROR(ROWS(_xlfn._xlws.FILTER( DRG_Status!$A$2:$A$100000, (DRG_Status!$F$2:$F$100000=S_Curve_Data!F33) * (DRG_Status!$B$2:$B$100000=S_Curve_Data!$F$1) )),0)/$G$1} -> 0 | M33: =Mappings!B32 -> 45873 | N33: {=IFERROR(ROWS(_xlfn._xlws.FILTER( DRG_Status!$A$2:$A$100000, (DRG_Status!$C$2:$C$100000=S_Curve_Data!M33) * (DRG_Status!$B$2:$B$100000=S_Curve_Data!$M$1) )),0)/$N$1} -> 0 | O33: {=IFERROR(ROWS(_xlfn._xlws.FILTER( DRG_Status!$A$2:$A$100000, (DRG_Status!$D$2:$D$100000=S_Curve_Data!M33) * (DRG_Status!$B$2:$B$100000=S_Curve_Data!$M$1) )),0)/$N$1} -> 0 | P33: {=IFERROR(ROWS(_xlfn._xlws.FILTER( DRG_Status!$A$2:$A$100000, (DRG_Status!$E$2:$E$100000=S_Curve_Data!M33) * (DRG_Status!$B$2:$B$100000=S_Curve_Data!$M$1) )),0)/$N$1} -> 0 | Q33: {=IFERROR(ROWS(_xlfn._xlws.FILTER( DRG_Status!$A$2:$A$100000, (DRG_Status!$F$2:$F$100000=S_Curve_Data!M33) * (DRG_Status!$B$2:$B$100000=S_Curve_Data!$M$1) )),0)/$N$1} -> 0 | T33: =Mappings!B32 -> 45873 | U33: {=IFERROR(ROWS(_xlfn._xlws.FILTER( DRG_Status!$A$2:$A$100000, (DRG_Status!$C$2:$C$100000=S_Curve_Data!T33) * (DRG_Status!$B$2:$B$100000=S_Curve_Data!$T$1) )),0)/$U$1} -> 0 | V33: {=IFERROR(ROWS(_xlfn._xlws.FILTER( DRG_Status!$A$2:$A$100000, (DRG_Status!$D$2:$D$100000=S_Curve_Data!T33) * (DRG_Status!$B$2:$B$100000=S_Curve_Data!$T$1) )),0)/$U$1} -> 0 | W33: {=IFERROR(ROWS(_xlfn._xlws.FILTER( DRG_Status!$A$2:$A$100000, (DRG_Status!$E$2:$E$100000=S_Curve_Data!T33) * (DRG_Status!$B$2:$B$100000=S_Curve_Data!$T$1) )),0)/$U$1} -> 0 | X33: {=IFERROR(ROWS(_xlfn._xlws.FILTER( DRG_Status!$A$2:$A$100000, (DRG_Status!$F$2:$F$100000=S_Curve_Data!T33) * (DRG_Status!$B$2:$B$100000=S_Curve_Data!$T$1) )),0)/$U$1} -> 0
F34: =Mappings!B33 -> 45880 | G34: {=IFERROR(ROWS(_xlfn._xlws.FILTER( DRG_Status!$A$2:$A$100000, (DRG_Status!$C$2:$C$100000=S_Curve_Data!F34) * (DRG_Status!$B$2:$B$100000=S_Curve_Data!$F$1) )),0)/$G$1} -> 0 | H34: {=IFERROR(ROWS(_xlfn._xlws.FILTER( DRG_Status!$A$2:$A$100000, (DRG_Status!$D$2:$D$100000=S_Curve_Data!F34) * (DRG_Status!$B$2:$B$100000=S_Curve_Data!$F$1) )),0)/$G$1} -> 0 | I34: {=IFERROR(ROWS(_xlfn._xlws.FILTER( DRG_Status!$A$2:$A$100000, (DRG_Status!$E$2:$E$100000=S_Curve_Data!F34) * (DRG_Status!$B$2:$B$100000=S_Curve_Data!$F$1) )),0)/$G$1} -> 0.032786885 | J34: {=IFERROR(ROWS(_xlfn._xlws.FILTER( DRG_Status!$A$2:$A$100000, (DRG_Status!$F$2:$F$100000=S_Curve_Data!F34) * (DRG_Status!$B$2:$B$100000=S_Curve_Data!$F$1) )),0)/$G$1} -> 0 | M34: =Mappings!B33 -> 45880 | N34: {=IFERROR(ROWS(_xlfn._xlws.FILTER( DRG_Status!$A$2:$A$100000, (DRG_Status!$C$2:$C$100000=S_Curve_Data!M34) * (DRG_Status!$B$2:$B$100000=S_Curve_Data!$M$1) )),0)/$N$1} -> 0 | O34: {=IFERROR(ROWS(_xlfn._xlws.FILTER( DRG_Status!$A$2:$A$100000, (DRG_Status!$D$2:$D$100000=S_Curve_Data!M34) * (DRG_Status!$B$2:$B$100000=S_Curve_Data!$M$1) )),0)/$N$1} -> 0 | P34: {=IFERROR(ROWS(_xlfn._xlws.FILTER( DRG_Status!$A$2:$A$100000, (DRG_Status!$E$2:$E$100000=S_Curve_Data!M34) * (DRG_Status!$B$2:$B$100000=S_Curve_Data!$M$1) )),0)/$N$1} -> 0 | Q34: {=IFERROR(ROWS(_xlfn._xlws.FILTER( DRG_Status!$A$2:$A$100000, (DRG_Status!$F$2:$F$100000=S_Curve_Data!M34) * (DRG_Status!$B$2:$B$100000=S_Curve_Data!$M$1) )),0)/$N$1} -> 0.016260163 | T34: =Mappings!B33 -> 45880 | U34: {=IFERROR(ROWS(_xlfn._xlws.FILTER( DRG_Status!$A$2:$A$100000, (DRG_Status!$C$2:$C$100000=S_Curve_Data!T34) * (DRG_Status!$B$2:$B$100000=S_Curve_Data!$T$1) )),0)/$U$1} -> 0 | V34: {=IFERROR(ROWS(_xlfn._xlws.FILTER( DRG_Status!$A$2:$A$100000, (DRG_Status!$D$2:$D$100000=S_Curve_Data!T34) * (DRG_Status!$B$2:$B$100000=S_Curve_Data!$T$1) )),0)/$U$1} -> 0 | W34: {=IFERROR(ROWS(_xlfn._xlws.FILTER( DRG_Status!$A$2:$A$100000, (DRG_Status!$E$2:$E$100000=S_Curve_Data!T34) * (DRG_Status!$B$2:$B$100000=S_Curve_Data!$T$1) )),0)/$U$1} -> 0.1059322 | X34: {=IFERROR(ROWS(_xlfn._xlws.FILTER( DRG_Status!$A$2:$A$100000, (DRG_Status!$F$2:$F$100000=S_Curve_Data!T34) * (DRG_Status!$B$2:$B$100000=S_Curve_Data!$T$1) )),0)/$U$1} -> 0
... F89: =Mappings!B88 -> 46265 | G89: {=IFERROR(ROWS(_xlfn._xlws.FILTER( DRG_Status!$A$2:$A$100000, (DRG_Status!$C$2:$C$100000=S_Curve_Data!F89) * (DRG_Status!$B$2:$B$100000=S_Curve_Data!$F$1) )),0)/$G$1} -> 0 | H89: {=IFERROR(ROWS(_xlfn._xlws.FILTER( DRG_Status!$A$2:$A$100000, (DRG_Status!$D$2:$D$100000=S_Curve_Data!F89) * (DRG_Status!$B$2:$B$100000=S_Curve_Data!$F$1) )),0)/$G$1} -> 0 | I89: {=IFERROR(ROWS(_xlfn._xlws.FILTER( DRG_Status!$A$2:$A$100000, (DRG_Status!$E$2:$E$100000=S_Curve_Data!F89) * (DRG_Status!$B$2:$B$100000=S_Curve_Data!$F$1) )),0)/$G$1} -> 0 | J89: {=IFERROR(ROWS(_xlfn._xlws.FILTER( DRG_Status!$A$2:$A$100000, (DRG_Status!$F$2:$F$100000=S_Curve_Data!F89) * (DRG_Status!$B$2:$B$100000=S_Curve_Data!$F$1) )),0)/$G$1} -> 0 | M89: =Mappings!B88 -> 46265 | N89: {=IFERROR(ROWS(_xlfn._xlws.FILTER( DRG_Status!$A$2:$A$100000, (DRG_Status!$C$2:$C$100000=S_Curve_Data!M89) * (DRG_Status!$B$2:$B$100000=S_Curve_Data!$M$1) )),0)/$N$1} -> 0 | O89: {=IFERROR(ROWS(_xlfn._xlws.FILTER( DRG_Status!$A$2:$A$100000, (DRG_Status!$D$2:$D$100000=S_Curve_Data!M89) * (DRG_Status!$B$2:$B$100000=S_Curve_Data!$M$1) )),0)/$N$1} -> 0 | P89: {=IFERROR(ROWS(_xlfn._xlws.FILTER( DRG_Status!$A$2:$A$100000, (DRG_Status!$E$2:$E$100000=S_Curve_Data!M89) * (DRG_Status!$B$2:$B$100000=S_Curve_Data!$M$1) )),0)/$N$1} -> 0 | Q89: {=IFERROR(ROWS(_xlfn._xlws.FILTER( DRG_Status!$A$2:$A$100000, (DRG_Status!$F$2:$F$100000=S_Curve_Data!M89) * (DRG_Status!$B$2:$B$100000=S_Curve_Data!$M$1) )),0)/$N$1} -> 0 | T89: =Mappings!B88 -> 46265 | U89: {=IFERROR(ROWS(_xlfn._xlws.FILTER( DRG_Status!$A$2:$A$100000, (DRG_Status!$C$2:$C$100000=S_Curve_Data!T89) * (DRG_Status!$B$2:$B$100000=S_Curve_Data!$T$1) )),0)/$U$1} -> 0 | V89: {=IFERROR(ROWS(_xlfn._xlws.FILTER( DRG_Status!$A$2:$A$100000, (DRG_Status!$D$2:$D$100000=S_Curve_Data!T89) * (DRG_Status!$B$2:$B$100000=S_Curve_Data!$T$1) )),0)/$U$1} -> 0 | W89: {=IFERROR(ROWS(_xlfn._xlws.FILTER( DRG_Status!$A$2:$A$100000, (DRG_Status!$E$2:$E$100000=S_Curve_Data!T89) * (DRG_Status!$B$2:$B$100000=S_Curve_Data!$T$1) )),0)/$U$1} -> 0 | X89: {=IFERROR(ROWS(_xlfn._xlws.FILTER( DRG_Status!$A$2:$A$100000, (DRG_Status!$F$2:$F$100000=S_Curve_Data!T89) * (DRG_Status!$B$2:$B$100000=S_Curve_Data!$T$1) )),0)/$U$1} -> 0

Sheet Mappings
A1: Date | B1: Rpt_Week | E1: Approval Code | F1: Desc
B2: 45663 | E2: 1 | F2: Approved
B3: =B2+7-WEEKDAY(B2,2)+1 -> 45670 | E3: 2 | F3: Approved with comments
B4: =B3+7-WEEKDAY(B3,2)+1 -> 45677 | E4: 3 | F4: Not Approved
B5: =B4+7-WEEKDAY(B4,2)+1 -> 45684 | E5: R | F5: Retained for info
B6: =B5+7-WEEKDAY(B5,2)+1 -> 45691 | E6: V | F6: Void
B7: =B6+7-WEEKDAY(B6,2)+1 -> 45698
B8: =B7+7-WEEKDAY(B7,2)+1 -> 45705
B9: =B8+7-WEEKDAY(B8,2)+1 -> 45712
B10: =B9+7-WEEKDAY(B9,2)+1 -> 45719
B11: =B10+7-WEEKDAY(B10,2)+1 -> 45726
B12: =B11+7-WEEKDAY(B11,2)+1 -> 45733
B13: =B12+7-WEEKDAY(B12,2)+1 -> 45740
B14: =B13+7-WEEKDAY(B13,2)+1 -> 45747
B15: =B14+7-WEEKDAY(B14,2)+1 -> 45754
B16: =B15+7-WEEKDAY(B15,2)+1 -> 45761
B17: =B16+7-WEEKDAY(B16,2)+1 -> 45768
B18: =B17+7-WEEKDAY(B17,2)+1 -> 45775
... B1024: =B1023+7-WEEKDAY(B1023,2)+1 -> 52817
